model,policy,group,liquidated_units,liquidated_share_of_demand,d_orders,d_end_position,d_inventory_unit_weeks,d_sales,s_star_h10_m30,s_star_endsalv_h10_m30,s_star_h10_m50,s_star_endsalv_h10_m50,s_star_h10_m100,s_star_endsalv_h10_m100,s_star_h25_m30,s_star_endsalv_h25_m30,s_star_h25_m50,s_star_endsalv_h25_m50,s_star_h25_m100,s_star_endsalv_h25_m100,s_star_h40_m30,s_star_endsalv_h40_m30,s_star_h40_m50,s_star_endsalv_h40_m50,s_star_h40_m100,s_star_endsalv_h40_m100,liquidated_cost_value,s_star_actual_h10,s_star_actual_h25,s_star_actual_h40
empirical,quantile,all,0.0,0.0,0.0,0.0,0.0,0.0,,,,,,,,,,,,,,,,,,,0.0,,,
empirical,quantile,smooth,0.0,0.0,0.0,0.0,0.0,0.0,,,,,,,,,,,,,,,,,,,0.0,,,
empirical,quantile,erratic,0.0,0.0,0.0,0.0,0.0,0.0,,,,,,,,,,,,,,,,,,,0.0,,,
empirical,quantile,intermittent,0.0,0.0,0.0,0.0,0.0,0.0,,,,,,,,,,,,,,,,,,,0.0,,,
empirical,quantile,lumpy,0.0,0.0,0.0,0.0,0.0,0.0,,,,,,,,,,,,,,,,,,,0.0,,,
empirical,fixed,all,15029.0,0.1130969402344867,12455.0,-2372.0,-58771.0,-202.0,0.9965119998771607,0.995858327103883,0.9992001361470388,0.9990502367191156,1.0059204768217345,1.0070300107571972,0.9852316930856754,0.9824640211254339,0.9879198293555536,0.9856559307406665,0.9946401700302492,0.9936357047787482,0.9739513862941902,0.9690697151469846,0.9766395225640684,0.9722616247622172,0.983359863238764,0.9802413988002989,3746631873.6248884,0.997930761530417,0.9866219402662657,0.9753131190021144
empirical,fixed,smooth,373.0,0.00441561208906988,121.0,-252.0,-1004.0,0.0,0.994823674984533,0.984043229497775,0.994823674984533,0.984043229497775,0.994823674984533,0.984043229497775,0.9870591874613321,0.9601080737444374,0.9870591874613321,0.9601080737444374,0.9870591874613321,0.9601080737444374,0.9792946999381316,0.9361729179910998,0.9792946999381316,0.9361729179910998,0.9792946999381316,0.9361729179910998,117894649.38194445,0.9948505786314693,0.9871264465786732,0.9794023145258772
empirical,fixed,erratic,4895.0,0.1116152863918278,3556.0,-1260.0,-20474.0,-79.0,0.9967981456745502,0.9956882869537614,1.0000259291270528,1.0000349169400062,1.0080953877583092,1.0109014919056185,0.9847328514182446,0.9794407999153528,0.9879606348707473,0.9837874299015977,0.9960300935020036,0.9946540048672098,0.9726675571619391,0.9631933128769442,0.9758953406144417,0.967539942863189,0.9839647992456981,0.9784065178288012,1243880116.9231906,0.997827606995159,0.9854221904352669,0.9730167738753749
empirical,fixed,intermittent,2142.0,1.5499276410998553,1916.0,-172.0,-7091.0,-54.0,1.0011967607555843,1.0013012495119094,1.006238777562307,1.0067834830144475,1.0188438195791139,1.0204890667707927,0.9916473640738348,0.9909180983990629,0.9966893808805574,0.9964003319016009,1.0092944228973642,1.0101059156579462,0.9820979673920851,0.9805349472862164,0.9871399841988077,0.9860171807887543,0.9997450262156143,0.9997227645450996,492547545.7166667,1.004964672437006,0.99557273245268,0.9861807924683538
empirical,fixed,lumpy,7619.0,2.3996850393700786,6862.0,-688.0,-30202.0,-69.0,0.9950937433743576,0.9946067278558982,0.996905004694741,0.9965977825377623,1.001433157995699,1.0015754192424227,0.9836590204650317,0.9820369466055514,0.9854702817854151,0.9840280012874155,0.9899984350863732,0.9890056379920757,0.9722242975557058,0.9694671653552046,0.9740355588760892,0.9714582200370687,0.9785637121770473,0.976435856741729,1892309561.603087,0.9963596197596012,0.9850493517116382,0.9737390836636752
empirical,dead13,all,1719.0,0.01293589994431317,757.0,-1225.0,-23426.0,-167.0,1.253083187899942,1.880668016194332,1.2725130890052354,1.9482793522267208,1.32108784176847,2.1173076923076923,1.2137725421756835,1.7438765182186236,1.2332024432809774,1.8114878542510122,1.2817771960442117,1.9805161943319838,1.1744618964514253,1.607085020242915,1.1938917975567191,1.6746963562753034,1.2424665503199537,1.8437246963562752,410457170.35543346,1.2368576051274442,1.198597786200127,1.1603379672728098
empirical,dead13,smooth,0.0,0.0,0.0,0.0,0.0,0.0,,,,,,,,,,,,,,,,,,,0.0,,,
empirical,dead13,erratic,238.0,0.005426851514045969,153.0,-78.0,-811.0,-7.0,1.002270523594053,1.0033774038461538,1.0081528765352294,1.0121274038461539,1.0228587588881706,1.0340024038461537,0.9924410148674855,0.9887560096153847,0.9983233678086619,0.9975060096153847,1.0130292501616032,1.0193810096153846,0.9826115061409179,0.9741346153846153,0.9884938590820944,0.9828846153846154,1.0031997414350355,1.0047596153846154,65517462.71428572,1.0053697600406541,0.9955851565416881,0.985800553042722
empirical,dead13,intermittent,382.0,0.276410998552822,127.0,-357.0,-7130.0,-86.0,1.5237917841320983,9.003538461538461,1.5688179621425695,9.691538461538462,1.6813834071687475,11.411538461538463,1.4699506645187272,8.180846153846153,1.5149768425291985,8.868846153846153,1.6275422875553764,10.588846153846152,1.4161095449053565,7.358153846153845,1.4611357229158277,8.046153846153846,1.5737011679420057,9.766153846153847,90455420.9,1.4932973587584353,1.441593720044051,1.3898900813296668
empirical,dead13,lumpy,1099.0,0.34614173228346456,477.0,-790.0,-15485.0,-74.0,1.2133040526352628,1.758644510828977,1.2267708406243438,1.8065409509584265,1.2604378105970462,1.926282051282051,1.1726595856372926,1.614087005227782,1.1861263736263739,1.6619834453572317,1.2197933435990762,1.7817245456808564,1.1320151186393224,1.4695294996265869,1.1454819066284032,1.5174259397560368,1.1791488766011058,1.6371670400796614,254484286.74114773,1.2053041065058687,1.1644918412327145,1.1236795759595604
empirical,dead26,all,701.0,0.005275198290263836,91.0,-623.0,-7894.0,-47.0,1.0840502578733677,1.7553747534516766,1.097459672994623,1.8758875739644973,1.1309832107977615,2.1771696252465484,1.0515664435421925,1.4634368836291913,1.064975858663448,1.5839497041420119,1.0984993964665861,1.885231755424063,1.019082629211017,1.171499013806706,1.0324920443322727,1.2920118343195266,1.0660155821354111,1.593293885601578,169440885.3333333,1.07886871283489,1.047544574561912,1.0162204362889338
empirical,dead26,smooth,0.0,0.0,0.0,0.0,0.0,0.0,,,,,,,,,,,,,,,,,,,0.0,,,
empirical,dead26,erratic,0.0,0.0,0.0,0.0,0.0,0.0,,,,,,,,,,,,,,,,,,,0.0,,,
empirical,dead26,intermittent,214.0,0.1548480463096961,26.0,-201.0,-3397.0,-36.0,1.2489126527677927,5.097485207100592,1.2825575125808772,5.651331360946745,1.3666696621135874,7.035946745562129,1.2031227534148095,4.3437130177514796,1.2367676132278935,4.897559171597633,1.320879762760604,6.282174556213017,1.1573328540618262,3.589940828402367,1.19097771387491,4.14378698224852,1.2750898634076202,5.528402366863905,48470503.5,1.2461624612962174,1.2014821030189484,1.1568017447416796
empirical,dead26,lumpy,487.0,0.15338582677165355,65.0,-422.0,-4497.0,-11.0,1.011605591533723,1.0869526627218935,1.016123045332491,1.1207988165680474,1.0274166798294109,1.205414201183432,0.9849688042963197,0.8873816568047337,0.9894862580950876,0.9212278106508875,1.0007798925920075,1.0058431952662723,0.9583320170589165,0.687810650887574,0.9628494708576844,0.7216568047337278,0.9741431053546042,0.8062721893491124,120970381.83333333,1.0118373279832262,0.9858647699785212,0.9598922119738164
tsb,quantile,all,515.0,0.0038755023102508917,183.0,-283.0,-3799.0,-49.0,1.0143577296489916,1.0318716843501325,1.033386855862584,1.0741130636604774,1.0809596713965646,1.1797165119363395,0.993078790141897,0.9846361074270559,1.0121079163554891,1.0268774867374006,1.0596807318894697,1.1324809350132625,0.9717998506348021,0.9374005305039788,0.9908289768483943,0.9796419098143236,1.038401792382375,1.0852453580901857,142677790.2734759,1.0206866563835242,0.9994187547330992,0.9781508530826742
tsb,quantile,smooth,104.0,0.00123116262000876,35.0,-55.0,-692.0,-14.0,1.0275887573964497,1.0585557299843014,1.0545118343195268,1.1156985871271585,1.121819526627219,1.2585557299843015,1.0083949704142012,1.017817896389325,1.035318047337278,1.0749607535321821,1.1026257396449703,1.217817896389325,0.9892011834319526,0.9770800627943486,1.0161242603550296,1.0342229199372055,1.0834319526627219,1.1770800627943485,30551877.604166668,1.04109024296126,1.0212825768883689,1.001474910815478
tsb,quantile,erratic,119.0,0.0027134257570229844,64.0,-48.0,-772.0,-7.0,1.0051712992889463,1.0086673889490791,1.0169360051712992,1.028385698808234,1.0463477698771817,1.0776814734561213,0.9864576599870718,0.9773022751895992,0.9982223658694248,0.9970205850487542,1.0276341305753072,1.0463163596966416,0.9677440206851972,0.9459371614301191,0.9795087265675501,0.9656554712892741,1.0089204912734324,1.0149512459371615,34835842.50792396,1.0079242359848224,0.9893930080586737,0.9708617801325249
tsb,quantile,intermittent,102.0,0.07380607814761216,31.0,-65.0,-772.0,-6.0,1.0030920060331825,1.0085239085239086,1.0148567119155354,1.0409563409563412,1.0442684766214179,1.122037422037422,0.9812594268476622,0.9483367983367985,0.9930241327300152,0.9807692307692308,1.0224358974358976,1.061850311850312,0.9594268476621417,0.8881496881496881,0.9711915535444947,0.9205821205821205,1.000603318250377,1.0016632016632017,33070277.266666666,1.0080709642758057,0.9863798410172883,0.9646887177587707
tsb,quantile,lumpy,190.0,0.05984251968503937,53.0,-115.0,-1563.0,-22.0,1.0189170040485829,1.0479230769230767,1.0420748987854251,1.1065897435897436,1.0999696356275304,1.2532564102564103,0.9951872469635628,0.9878076923076924,1.0183451417004048,1.046474358974359,1.07623987854251,1.1931410256410255,0.9714574898785426,0.9276923076923077,0.9946153846153846,0.9863589743589742,1.05251012145749,1.133025641025641,44219792.8947186,1.026078500341294,1.001962299110011,0.9778460978787279
tsb,fixed,all,393.0,0.002957422151317671,149.0,-215.0,-2251.0,-29.0,1.0111225288706205,1.024557044079516,1.0258807985907223,1.0571413137424375,1.0627764728909768,1.1386019878997409,0.9946002153063223,0.988078003457217,1.0093584850264241,1.0206622731201382,1.0462541593266785,1.1021229472774416,0.9780779017420238,0.9515989628349177,0.9928361714621257,0.9841832324978391,1.02973184576238,1.0656439066551426,98192598.0136447,1.0163467885837894,1.000183832345007,0.9840208761062245
tsb,fixed,smooth,1.0,1.1838102115468848e-05,1.0,0.0,-3.0,0.0,0.9942307692307693,0.9942307692307693,0.9942307692307693,0.9942307692307693,0.9942307692307693,0.9942307692307693,0.9855769230769231,0.9855769230769231,0.9855769230769231,0.9855769230769231,0.9855769230769231,0.9855769230769231,0.9769230769230769,0.9769230769230769,0.9769230769230769,0.9769230769230769,0.9769230769230769,0.9769230769230769,310451.0,0.9942307692307693,0.9855769230769231,0.9769230769230769
tsb,fixed,erratic,11.0,0.00025082086829624227,0.0,-11.0,-18.0,0.0,0.9968531468531467,,0.9968531468531467,,0.9968531468531467,,0.9921328671328671,,0.9921328671328671,,0.9921328671328671,,0.9874125874125874,,0.9874125874125874,,0.9874125874125874,,3782543.285714286,0.9967490644609286,0.9918726611523216,0.9869962578437145
tsb,fixed,intermittent,201.0,0.14544138929088277,92.0,-91.0,-1161.0,-18.0,1.0157577497129737,1.0287937062937065,1.0336681974741677,1.061520979020979,1.0784443168771527,1.143339160839161,0.9990958668197474,0.9983479020979021,1.0170063145809414,1.0310751748251747,1.0617824339839266,1.1128933566433565,0.9824339839265213,0.9679020979020979,1.0003444316877153,1.0006293706293707,1.0451205510907005,1.0824475524475525,51879112.75,1.0151392223838678,0.9984180037369664,0.9816967850900651
tsb,fixed,lumpy,180.0,0.05669291338582677,56.0,-113.0,-1069.0,-11.0,1.0069123931623931,1.0185706084959816,1.0191346153846155,1.051406429391504,1.049690170940171,1.13349598163031,0.9897809829059828,0.9725459242250286,1.002003205128205,1.0053817451205511,1.0325587606837605,1.087471297359357,0.9726495726495727,0.9265212399540759,0.9848717948717949,0.9593570608495983,1.0154273504273506,1.0414466130884041,42220490.9779304,1.019748990685946,1.0032056284653057,0.9866622662446655
tsb,dead13,all,414.0,0.0031154523426094546,64.0,-302.0,-4432.0,-104.0,1.190040876997399,1.7024725274725276,1.2402824228911185,1.8881868131868131,1.365886287625418,2.3524725274725276,1.1591601635079898,1.5883241758241762,1.2094017094017093,1.7740384615384615,1.3350055741360087,2.2383241758241756,1.1282794500185804,1.4741758241758245,1.1785209959123002,1.65989010989011,1.3041248606465998,2.124175824175824,102645540.62692307,1.193021082918548,1.162211509636849,1.1314019363551502
tsb,dead13,smooth,0.0,0.0,0.0,0.0,0.0,0.0,,,,,,,,,,,,,,,,,,,0.0,,,
tsb,dead13,erratic,40.0,0.0009120758847136082,13.0,-20.0,-149.0,-7.0,1.0453365384615385,1.090673076923077,1.0803365384615384,1.1606730769230769,1.1678365384615383,1.335673076923077,1.0345913461538463,1.0691826923076924,1.0695913461538462,1.1391826923076924,1.1570913461538461,1.3141826923076922,1.0238461538461539,1.0476923076923077,1.058846153846154,1.1176923076923078,1.146346153846154,1.2926923076923078,11383397.142857142,1.0613264136745253,1.0506417656773468,1.0399571176801683
tsb,dead13,intermittent,189.0,0.13675832127351664,27.0,-146.0,-2434.0,-54.0,1.262006512006512,2.151610017889088,1.3191493691493692,2.402772808586762,1.462006512006512,3.0306797853309484,1.2248575498575498,1.9883273703041144,1.282000407000407,2.2394901610017888,1.4248575498575498,2.867397137745975,1.1877085877085878,1.8250447227191413,1.244851444851445,2.076207513416816,1.3877085877085877,2.704114490161002,46997259.8,1.253378959774685,1.215818062459921,1.1782571651451574
tsb,dead13,lumpy,185.0,0.05826771653543307,24.0,-136.0,-1849.0,-43.0,1.1478066528066528,1.5580455259026686,1.1942931392931393,1.7335557299843014,1.3105093555093557,2.172331240188383,1.1189760914760916,1.4491954474097333,1.1654625779625778,1.6247056514913658,1.2816787941787942,2.063481161695447,1.09014553014553,1.3403453689167975,1.1366320166320167,1.5158555729984302,1.2528482328482329,1.954631083202512,44264883.68406593,1.1628047582235885,1.1339878189499546,1.1051708796763209
tsb,dead26,all,144.0,0.0010836355974293756,1.0,-126.0,-1149.0,-23.0,1.0742387820512822,1.5939102564102565,1.1061832264957265,1.849465811965812,1.1860443376068377,2.488354700854701,1.051221955128205,1.409775641025641,1.0831663995726497,1.6653311965811968,1.1630275106837606,2.3042200854700856,1.0282051282051283,1.2256410256410257,1.0601495726495727,1.4811965811965813,1.1400106837606838,2.12008547008547,36484364.666666664,1.0795811994043627,1.057177897114504,1.0347745948246456
tsb,dead26,smooth,0.0,0.0,0.0,0.0,0.0,0.0,,,,,,,,,,,,,,,,,,,0.0,,,
tsb,dead26,erratic,0.0,0.0,0.0,0.0,0.0,0.0,,,,,,,,,,,,,,,,,,,0.0,,,
tsb,dead26,intermittent,80.0,0.05788712011577424,0.0,-69.0,-808.0,-17.0,1.119326923076923,1.8678321678321679,1.1618269230769231,2.1769230769230767,1.268076923076923,2.9496503496503497,1.0901923076923077,1.655944055944056,1.1326923076923077,1.9650349650349648,1.2389423076923076,2.7377622377622375,1.0610576923076924,1.4440559440559442,1.1035576923076924,1.7531468531468533,1.2098076923076924,2.5258741258741257,19693543.5,1.1126486655482954,1.0826743540582613,1.052700042568227
tsb,dead26,lumpy,64.0,0.02015748031496063,1.0,-57.0,-341.0,-6.0,1.0178786057692308,1.1634615384615385,1.0366286057692307,1.3348901098901098,1.0835036057692307,1.7634615384615384,1.0025090144230768,1.0229395604395606,1.0212590144230769,1.1943681318681318,1.0681340144230769,1.6229395604395604,0.987139423076923,0.8824175824175826,1.005889423076923,1.0538461538461539,1.052764423076923,1.4824175824175825,16790821.166666664,1.04079717708191,1.0272737263218,1.0137502755616896
tsb_nb,quantile,all,518.0,0.0038980780518640037,125.0,-351.0,-3537.0,-42.0,1.0111931986931986,1.0347190234914787,1.027409414909415,1.0850184246890835,1.0679499554499556,1.2107669276830955,0.9914965102465102,0.9736239060340858,1.0077127264627266,1.0239233072316904,1.0482532670032672,1.1496718102257024,0.9717998217998217,0.9125287885766928,0.988016038016038,0.9628281897742976,1.0285565785565787,1.0885766927683096,140504084.40349966,1.0175314937631816,0.9980653847670199,0.9785992757708583
tsb_nb,quantile,smooth,71.0,0.0008405052501982882,14.0,-57.0,-361.0,0.0,0.9902221018418201,0.950412087912088,0.9902221018418201,0.950412087912088,0.9902221018418201,0.950412087912088,0.9755552546045504,0.8760302197802198,0.9755552546045504,0.8760302197802198,0.9755552546045504,0.8760302197802198,0.9608884073672805,0.8016483516483516,0.9608884073672805,0.8016483516483516,0.9608884073672805,0.8016483516483516,21098094.416666668,0.9895987485876954,0.9739968714692384,0.9583949943507816
tsb_nb,quantile,erratic,128.0,0.002918642831083546,34.0,-82.0,-796.0,-12.0,1.0161658653846155,1.0449832775919732,1.0349158653846153,1.0971571906354516,1.0817908653846153,1.2275919732441471,0.9982271634615385,0.9950668896321071,1.0169771634615383,1.0472408026755853,1.0638521634615383,1.1776755852842808,0.9802884615384615,0.9451505016722408,0.9990384615384615,0.9973244147157191,1.0459134615384615,1.1277591973244148,34776395.766666666,1.025069013224962,1.0059824932511525,0.9868959732773434
tsb_nb,quantile,intermittent,110.0,0.07959479015918958,24.0,-79.0,-810.0,-7.0,1.00493006993007,1.0174937965260547,1.0176573426573428,1.0626550868486353,1.0494755244755245,1.1755583126550868,0.9836888111888111,0.9421215880893299,0.9964160839160838,0.9872828784119106,1.0282342657342658,1.100186104218362,0.9624475524475524,0.8667493796526055,0.9751748251748252,0.9119106699751861,1.006993006993007,1.0248138957816377,36888406.400000006,1.0089477862762448,0.9891918871655608,0.9694359880548771
tsb_nb,quantile,lumpy,209.0,0.06582677165354331,53.0,-133.0,-1570.0,-23.0,1.0185682738314317,1.0510627530364374,1.0405778432094221,1.111589068825911,1.0956017666543982,1.262904858299595,0.9968991534781009,0.9914726720647774,1.0189087228560914,1.051998987854251,1.0739326463010674,1.2033147773279353,0.9752300331247701,0.9318825910931174,0.9972396025027603,0.9924089068825911,1.0522635259477364,1.1437246963562753,47741187.82016632,1.0310175265730344,1.0097911184432382,0.9885647103134418
tsb_nb,fixed,all,500.0,0.0037626236021853316,143.0,-326.0,-2996.0,-31.0,1.0070769230769232,1.0203359858532273,1.0194769230769232,1.0559681697612733,1.0504769230769229,1.1450486295313882,0.9897923076923077,0.9706675508399647,1.0021923076923076,1.0062997347480105,1.0331923076923075,1.0953801945181254,0.9725076923076923,0.920999115826702,0.9849076923076923,0.9566312997347479,1.0159076923076922,1.0457117595048628,130184902.3021978,1.0097685529672837,0.9932077543158715,0.976646955664459
tsb_nb,fixed,smooth,12.0,0.00014205722538562616,3.0,-9.0,-22.0,0.0,0.9964743589743591,0.985897435897436,0.9964743589743591,0.985897435897436,0.9964743589743591,0.985897435897436,0.9911858974358975,0.9647435897435898,0.9911858974358975,0.9647435897435898,0.9911858974358975,0.9647435897435898,0.985897435897436,0.9435897435897437,0.985897435897436,0.9435897435897437,0.985897435897436,0.9435897435897437,3581828.888888889,0.9964101177314802,0.9910252943287007,0.985640470925921
tsb_nb,fixed,erratic,54.0,0.001231302444363371,0.0,-54.0,-125.0,0.0,0.9955484330484331,,0.9955484330484331,,0.9955484330484331,,0.9888710826210826,,0.9888710826210826,,0.9888710826210826,,0.9821937321937322,,0.9821937321937322,,0.9821937321937322,,17672156.125457875,0.9958202708209168,0.9895506770522919,0.9832810832836669
tsb_nb,fixed,intermittent,211.0,0.15267727930535455,80.0,-112.0,-1370.0,-19.0,1.014527889172439,1.030963480963481,1.0325373678454246,1.0693473193473193,1.0775610645278892,1.1653069153069153,0.9957983959168794,0.991045066045066,1.013807874589865,1.0294289044289044,1.0588315712723295,1.1253885003885002,0.9770689026613197,0.9511266511266512,0.9950783813343055,0.9895104895104896,1.04010207801677,1.0854700854700856,55982989.05,1.0137256873533746,0.9955486904645587,0.9773716935757428
tsb_nb,fixed,lumpy,223.0,0.07023622047244095,60.0,-151.0,-1479.0,-12.0,1.003389099689548,1.010496794871795,1.0141514315281133,1.0438301282051283,1.0410572611245257,1.1271634615384616,0.9842575025870991,0.9512419871794874,0.9950198344256641,0.9845753205128206,1.0219256640220766,1.067908653846154,0.9651259054846498,0.8919871794871794,0.975888237323215,0.9253205128205129,1.0027940669196274,1.0086538461538461,52947928.23785104,1.0111437085291313,0.9921008750453604,0.9730580415615894
tsb_nb,dead13,all,463.0,0.0034841894556236173,70.0,-351.0,-4738.0,-93.0,1.1507310184416015,1.623111263736264,1.1909038046187075,1.7891826923076923,1.291335770061472,2.204361263736264,1.1212119953480646,1.5010817307692308,1.1613847815251703,1.6671531593406592,1.2618167469679349,2.082331730769231,1.0916929722545272,1.3790521978021977,1.1318657584316332,1.5451236263736265,1.2322977238743977,1.960302197802198,114285709.36898656,1.1554421481859194,1.1253545208183082,1.095266893450697
tsb_nb,dead13,smooth,0.0,0.0,0.0,0.0,0.0,0.0,,,,,,,,,,,,,,,,,,,0.0,,,
tsb_nb,dead13,erratic,43.0,0.0009804815760671287,10.0,-26.0,-202.0,-7.0,1.039803220035778,1.100678733031674,1.0723613595706618,1.1830316742081448,1.153756708407871,1.3889140271493212,1.0262522361359572,1.0664027149321267,1.0588103756708407,1.1487556561085972,1.1402057245080501,1.3546380090497738,1.0127012522361358,1.032126696832579,1.0452593917710198,1.1144796380090498,1.126654740608229,1.3203619909502264,11483354.0,1.0587924675368547,1.0452006285235231,1.0316087895101915
tsb_nb,dead13,intermittent,212.0,0.15340086830680175,33.0,-162.0,-2555.0,-55.0,1.2338987663280117,1.991730769230769,1.2857855587808418,2.211730769230769,1.4155025399129173,2.761730769230769,1.1991337082728593,1.8443269230769233,1.2510205007256896,2.0643269230769232,1.3807374818577651,2.614326923076923,1.1643686502177069,1.6969230769230768,1.2162554426705368,1.9169230769230767,1.3459724238026123,2.4669230769230768,52051665.8,1.2315635827035019,1.1961653606834872,1.1607671386634726
tsb_nb,dead13,lumpy,208.0,0.06551181102362205,27.0,-163.0,-1981.0,-31.0,1.0888960798816567,1.410897435897436,1.1187037721893491,1.5486752136752138,1.19322300295858,1.893119658119658,1.0614228920118345,1.2839102564102565,1.0912305843195267,1.4216880341880342,1.1657498150887575,1.7661324786324788,1.0339497041420118,1.156923076923077,1.0637573964497042,1.2947008547008547,1.1382766272189349,1.6391452991452993,50750689.568986565,1.0992382818528657,1.0708648838209298,1.042491485788994
tsb_nb,dead26,all,151.0,0.0011363123278599703,2.0,-132.0,-1084.0,-23.0,1.071625063678044,1.5692307692307692,1.1020886398369842,1.811336032388664,1.1782475802343353,2.4165991902834008,1.050916963830871,1.4046558704453442,1.0813805399898115,1.646761133603239,1.1575394803871626,2.252024291497976,1.0302088639836986,1.240080971659919,1.0606724401426388,1.4821862348178139,1.1368313805399899,2.087449392712551,39098280.0,1.0713628020799815,1.050814653311328,1.0302665045426747
tsb_nb,dead26,smooth,0.0,0.0,0.0,0.0,0.0,0.0,,,,,,,,,,,,,,,,,,,0.0,,,
tsb_nb,dead26,erratic,0.0,0.0,0.0,0.0,0.0,0.0,,,,,,,,,,,,,,,,,,,0.0,,,
tsb_nb,dead26,intermittent,82.0,0.059334298118668596,0.0,-70.0,-805.0,-18.0,1.1201454033771105,1.8209935897435898,1.164047842401501,2.12099358974359,1.2738039399624765,2.87099358974359,1.091826923076923,1.6274839743589746,1.1357293621013134,1.9274839743589745,1.2454854596622889,2.6774839743589745,1.0635084427767356,1.433974358974359,1.1074108818011257,1.7339743589743588,1.2171669793621014,2.483974358974359,20018015.5,1.1150128269650215,1.0855844018210266,1.0561559766770319
tsb_nb,dead26,lumpy,69.0,0.021732283464566928,2.0,-62.0,-279.0,-5.0,1.0139632107023413,1.1376373626373628,1.0284559643255295,1.2804945054945056,1.0646878483835007,1.6376373626373628,1.0022993311036787,1.022664835164835,1.0167920847268672,1.165521978021978,1.0530239687848382,1.5226648351648353,0.9906354515050166,0.9076923076923078,1.005128205128205,1.0505494505494506,1.041360089186176,1.4076923076923078,19080264.5,1.0255674791312812,1.0143360518433953,1.003104624555509
ets,quantile,all,1.0,7.525247204370663e-06,0.0,-1.0,-18.0,0.0,0.9653846153846154,,0.9653846153846154,,0.9653846153846154,,0.9134615384615384,,0.9134615384615384,,0.9134615384615384,,0.8615384615384616,,0.8615384615384616,,0.8615384615384616,,161716.0,0.9653846153846155,0.9134615384615384,0.8615384615384615
ets,quantile,smooth,0.0,0.0,0.0,0.0,0.0,0.0,,,,,,,,,,,,,,,,,,,0.0,,,
ets,quantile,erratic,0.0,0.0,0.0,0.0,0.0,0.0,,,,,,,,,,,,,,,,,,,0.0,,,
ets,quantile,intermittent,1.0,0.000723589001447178,0.0,-1.0,-18.0,0.0,0.9653846153846154,,0.9653846153846154,,0.9653846153846154,,0.9134615384615384,,0.9134615384615384,,0.9134615384615384,,0.8615384615384616,,0.8615384615384616,,0.8615384615384616,,161716.0,0.9653846153846155,0.9134615384615384,0.8615384615384615
ets,quantile,lumpy,0.0,0.0,0.0,0.0,0.0,0.0,,,,,,,,,,,,,,,,,,,0.0,,,
ets,fixed,all,3926.0,0.029544120524359226,3339.0,-489.0,-13492.0,-98.0,1.0008797366667974,1.0010049014122335,1.00587209530154,1.0067075490700745,1.018352991888397,1.0209641682146775,0.990966534738822,0.9896812963004409,0.9959588933735648,0.995383943958282,1.0084397899604216,1.0096405631028849,0.9810533328108468,0.9783576911886485,0.9860456914455896,0.9840603388464896,0.9985265880324464,0.9983169579910924,934416600.755521,1.0031423722918833,0.9931321356935001,0.9831218990951169
ets,fixed,smooth,24.0,0.0002841144507712523,5.0,-19.0,-59.0,0.0,0.9952724358974359,0.9773076923076923,0.9952724358974359,0.9773076923076923,0.9952724358974359,0.9773076923076923,0.9881810897435898,0.9432692307692309,0.9881810897435898,0.9432692307692309,0.9881810897435898,0.9432692307692309,0.9810897435897435,0.9092307692307692,0.9810897435897435,0.9092307692307692,0.9810897435897435,0.9092307692307692,6322105.305555556,0.9951469518658798,0.9878673796646996,0.9805878074635194
ets,fixed,erratic,245.0,0.00558646479387085,140.0,-98.0,-852.0,-7.0,1.001883830455259,1.0031397174254317,1.0075981161695446,1.0126635269492412,1.021883830455259,1.036473050758765,0.9918524332810047,0.9864207221350079,0.9975667189952905,0.9959445316588175,1.0118524332810048,1.0197540554683413,0.9818210361067503,0.9697017268445839,0.9875353218210361,0.9792255363683934,1.0018210361067503,1.0030350601779172,65393904.742220104,1.0033109672431058,0.9936089642391476,0.9839069612351895
ets,fixed,intermittent,1879.0,1.3596237337192474,1696.0,-140.0,-6060.0,-43.0,1.000663200556761,1.000716592205954,1.005240103164531,1.0056619631087715,1.0166823596839563,1.0180253903658159,0.9913599705244197,0.9906643959835449,0.9959368731321897,0.9956097668863626,1.007379129651615,1.007973194143407,0.9820567404920786,0.980612199761136,0.9866336430998486,0.9855575706639537,0.9980758996192738,0.997920997920998,431212318.7166667,1.0031484307507712,0.9937403500040632,0.9843322692573554
ets,fixed,lumpy,1778.0,0.56,1498.0,-232.0,-6521.0,-48.0,1.0010459029159817,1.0012028560055728,1.006445228000346,1.0074124290974225,1.0199435407112571,1.0229363618270475,0.9904662758501342,0.9890356005572695,0.9958656009344986,0.9952451736491194,1.0093639136454098,1.0107691063787443,0.9798866487842867,0.9768683451089661,0.9852859738686511,0.983077918200816,0.9987842865795622,0.9986018509304408,431488271.99107873,1.0032279141895573,0.9925291834037323,0.9818304526179075
ets,dead13,all,790.0,0.005944945291452825,255.0,-670.0,-12866.0,-156.0,1.3962755598831549,3.6088141025641027,1.4357692307692307,3.8688141025641025,1.5345034079844204,4.518814102564103,1.3492964946445958,3.2995352564102567,1.3887901655306718,3.5595352564102565,1.4875243427458618,4.209535256410256,1.302317429406037,2.99025641025641,1.341811100292113,3.2502564102564104,1.4405452775073029,3.9002564102564103,192930269.2628205,1.3778139491182217,1.3321475108235725,1.2864810725289235
ets,dead13,smooth,0.0,0.0,0.0,0.0,0.0,0.0,,,,,,,,,,,,,,,,,,,0.0,,,
ets,dead13,erratic,78.0,0.001778547975191536,43.0,-28.0,-265.0,-7.0,1.0203895463510848,1.0318076923076922,1.0383382642998027,1.0598076923076922,1.0832100591715976,1.1298076923076923,1.0105892504930967,1.0165192307692308,1.0285379684418148,1.0445192307692308,1.0734097633136095,1.1145192307692309,1.0007889546351085,1.0012307692307691,1.0187376725838264,1.0292307692307692,1.0636094674556211,1.0992307692307692,21039709.85714286,1.0304680482458666,1.0206188804727725,1.0107697126996784
ets,dead13,intermittent,309.0,0.223589001447178,86.0,-352.0,-7436.0,-84.0,1.7245954692556633,,1.7789644012944985,,1.9148867313915858,,1.6551779935275082,,1.7095469255663431,,1.8454692556634305,,1.5857605177993528,,1.6401294498381878,,1.7760517799352749,,75434246.0,1.680219639863146,1.6137268230091393,1.5472340061551326
ets,dead13,lumpy,403.0,0.1269291338582677,126.0,-290.0,-5165.0,-65.0,1.2172886046955524,1.774931926480599,1.2495466692116817,1.8899761742682095,1.330191830502004,2.177586793737236,1.18031828593243,1.643082028590878,1.212576350448559,1.7581262763784888,1.2932215117388817,2.045736895847515,1.1433479671693072,1.5112321307011574,1.1756060316854362,1.626276378488768,1.2562511929757587,1.9138869979577944,96456313.40567766,1.2170812013526648,1.179889451287592,1.1426977012225188
ets,dead26,all,367.0,0.0027617657240040336,36.0,-381.0,-5845.0,-46.0,1.2685548103123034,,1.2936229302033115,,1.3562932299308321,,1.2226131838189058,,1.2476813037099141,,1.3103516034374345,,1.1766715573255084,,1.2017396772165165,,1.264409976944037,,89883369.9,1.254974085578447,1.2114014046645054,1.1678287237505636
ets,dead26,smooth,0.0,0.0,0.0,0.0,0.0,0.0,,,,,,,,,,,,,,,,,,,0.0,,,
ets,dead26,erratic,0.0,0.0,0.0,0.0,0.0,0.0,,,,,,,,,,,,,,,,,,,0.0,,,
ets,dead26,intermittent,188.0,0.13603473227206947,14.0,-232.0,-4351.0,-35.0,1.5060249590834698,,1.5432590016366612,,1.63634410801964,,1.4392645253682488,,1.4764985679214402,,1.569583674304419,,1.3725040916530278,,1.4097381342062194,,1.5028232405891981,,43970517.5,1.494534366287855,1.429360636772784,1.364186907257713
ets,dead26,lumpy,179.0,0.056377952755905514,22.0,-149.0,-1494.0,-11.0,1.019144821658788,1.1142307692307691,1.0314353244520842,1.1875641025641026,1.0621615814353245,1.370897435897436,0.9950687580575849,0.970576923076923,1.0073592608508808,1.0439102564102565,1.038085517834121,1.2272435897435898,0.9709926944563817,0.8269230769230769,0.9832831972496777,0.9002564102564103,1.0140094542329179,1.0835897435897437,45912852.4,1.0255483591289631,1.002662898369836,0.9797774376107086
lgb_tweedie,quantile,all,16.0,0.00012040395526993061,10.0,-6.0,-188.0,0.0,0.9774038461538461,0.9638461538461538,0.9774038461538461,0.9638461538461538,0.9774038461538461,0.9638461538461538,0.9435096153846154,0.9096153846153847,0.9435096153846154,0.9096153846153847,0.9435096153846154,0.9096153846153847,0.9096153846153846,0.8553846153846154,0.9096153846153846,0.8553846153846154,0.9096153846153846,0.8553846153846154,4055862.5,0.9760819691913202,0.9402049229783004,0.9043278767652807
lgb_tweedie,quantile,smooth,0.0,0.0,0.0,0.0,0.0,0.0,,,,,,,,,,,,,,,,,,,0.0,,,
lgb_tweedie,quantile,erratic,9.0,0.00020521707406056183,5.0,-4.0,-136.0,0.0,0.970940170940171,0.9476923076923077,0.970940170940171,0.9476923076923077,0.970940170940171,0.9476923076923077,0.9273504273504274,0.8692307692307691,0.9273504273504274,0.8692307692307691,0.9273504273504274,0.8692307692307691,0.8837606837606837,0.7907692307692308,0.8837606837606837,0.7907692307692308,0.8837606837606837,0.7907692307692308,2918068.0,0.9724664823016197,0.9311662057540494,0.8898659292064791
lgb_tweedie,quantile,intermittent,7.0,0.005065123010130246,5.0,-2.0,-52.0,0.0,0.9857142857142858,0.9800000000000001,0.9857142857142858,0.9800000000000001,0.9857142857142858,0.9800000000000001,0.9642857142857143,0.95,0.9642857142857143,0.95,0.9642857142857143,0.95,0.9428571428571428,0.9199999999999999,0.9428571428571428,0.9199999999999999,0.9428571428571428,0.9199999999999999,1137794.5,0.9853545017947509,0.9633862544868772,0.9414180071790036
lgb_tweedie,quantile,lumpy,0.0,0.0,0.0,0.0,0.0,0.0,,,,,,,,,,,,,,,,,,,0.0,,,
lgb_tweedie,fixed,all,2393.0,0.018007916560058998,1753.0,-551.0,-10050.0,-89.0,1.0030811019319168,1.0040027562014533,1.0105194638207593,1.0136661655391297,1.0291153685428656,1.0378246888833207,0.9909664405798965,0.9882642194938612,0.998404802468739,0.9979276288315376,1.0170007071908451,1.0220861521757287,0.978851779227876,0.972525682786269,0.9862901411167186,0.9821890921239455,1.0048860458388247,1.0063476154681366,570498289.8745267,1.0065034843304719,0.9942532817412681,0.9820030791520642
lgb_tweedie,fixed,smooth,19.0,0.0002249239401939081,0.0,-19.0,-48.0,0.0,0.9951417004048583,,0.9951417004048583,,0.9951417004048583,,0.9878542510121457,,0.9878542510121457,,0.9878542510121457,,0.9805668016194332,,0.9805668016194332,,0.9805668016194332,,4893527.555555556,0.9947680688716604,0.9869201721791507,0.9790722754866413
lgb_tweedie,fixed,erratic,104.0,0.0023713973002553812,4.0,-81.0,-438.0,-19.0,1.0467085798816567,1.2112040133779265,1.0832470414201185,1.3764214046822743,1.1745931952662723,1.7894648829431439,1.0345599112426034,1.1562709030100335,1.0710983727810652,1.3214882943143813,1.162444526627219,1.7345317725752507,1.0224112426035503,1.1013377926421406,1.058949704142012,1.2665551839464884,1.1502958579881657,1.679598662207358,30766607.544455543,1.055821695329062,1.044066597542442,1.032311499755822
lgb_tweedie,fixed,intermittent,1514.0,1.0955137481910275,1289.0,-188.0,-5393.0,-37.0,1.0004814043288284,1.0005496577329156,1.0053691189919722,1.0061303515489035,1.0175884056498323,1.0200820860888733,0.9902061528299969,0.9888175832463163,0.995093867493141,0.9943982770623043,1.007313154151001,1.008350011602274,0.9799309013311654,0.9770855087597169,0.9848186159943095,0.9826662025757048,0.9970379026521695,0.9966179371156747,348466602.45,1.0022597858037978,0.9918522577866781,0.9814447297695585
lgb_tweedie,fixed,lumpy,756.0,0.23811023622047245,460.0,-263.0,-4171.0,-33.0,1.0024852462352463,1.0038110469652053,1.011215404965405,1.0171984709002966,1.033040801790802,1.0506670307380248,0.9865702584452584,0.9794059135590575,0.9953004171754172,0.9927933374941488,1.017125814000814,1.026261897331877,0.9706552706552706,0.9550007801529099,0.9793854293854294,0.9683882040880012,1.0012108262108261,1.0018567639257294,186371552.32451558,1.0066046840227663,0.9907118329743111,0.974818981925856
lgb_tweedie,dead13,all,759.0,0.0057116626281173335,194.0,-678.0,-12476.0,-148.0,1.370761122935036,4.474169040835707,1.409759805411979,4.83960113960114,1.5072565116043375,5.753181386514719,1.3233454950846255,4.029867046533714,1.3623441775615688,4.395299145299146,1.4598408837539272,5.3088793922127255,1.275929867234215,3.585565052231719,1.3149285497111585,3.950997150997151,1.4124252559035169,4.864577397910732,186456625.8881563,1.358887933369791,1.312653787196746,1.2664196410237012
lgb_tweedie,dead13,smooth,0.0,0.0,0.0,0.0,0.0,0.0,,,,,,,,,,,,,,,,,,,0.0,,,
lgb_tweedie,dead13,erratic,81.0,0.0018469536665450565,24.0,-50.0,-361.0,-7.0,1.017355175688509,1.0453473945409428,1.034639126305793,1.0905086848635235,1.0778490028490029,1.2034119106699752,1.0044990503323836,1.0117555831265508,1.0217830009496676,1.0569168734491317,1.0649928774928776,1.1698200992555832,0.9916429249762584,0.9781637717121588,1.008926875593542,1.0233250620347394,1.052136752136752,1.1362282878411911,22401691.85714286,1.0264889106109691,1.0140484504502085,1.0016079902894481
lgb_tweedie,dead13,intermittent,312.0,0.22575976845151954,80.0,-343.0,-7133.0,-81.0,1.6493035009861932,,1.7012265779092701,,1.8310342702169624,,1.5833549063116372,,1.635277983234714,,1.7650856755424063,,1.5174063116370808,,1.5693293885601578,,1.69913708086785,,76715977.6,1.6140099078186163,1.5506668354178357,1.487323763017055
lgb_tweedie,dead13,lumpy,366.0,0.1152755905511811,90.0,-285.0,-4982.0,-60.0,1.2115279529213956,1.9557929724596388,1.244314838167297,2.103941120607787,1.3262820512820512,2.4743114909781574,1.1722625052543085,1.7783713200379865,1.2050493905002102,1.9265194681861346,1.2870166036149642,2.296889838556505,1.1329970575872215,1.6009496676163342,1.1657839428331231,1.7490978157644823,1.247751155947877,2.1194681861348528,87338956.43101344,1.2200537671383336,1.1801798098567322,1.1403058525751306
lgb_tweedie,dead26,all,342.0,0.002573634543894767,24.0,-369.0,-5553.0,-43.0,1.2813484030589293,,1.3064946018893386,,1.369360098965362,,1.2345113585245164,,1.2596575573549258,,1.3225230544309492,,1.1876743139901034,,1.212820512820513,,1.2756860098965361,,84767187.95,1.2639814129829807,1.2194741043609436,1.1749667957389065
lgb_tweedie,dead26,smooth,0.0,0.0,0.0,0.0,0.0,0.0,,,,,,,,,,,,,,,,,,,0.0,,,
lgb_tweedie,dead26,erratic,0.0,0.0,0.0,0.0,0.0,0.0,,,,,,,,,,,,,,,,,,,0.0,,,
lgb_tweedie,dead26,intermittent,174.0,0.12590448625180897,13.0,-220.0,-4105.0,-32.0,1.532791777188329,,1.5695733863837311,,1.661527409372237,,1.4647380636604774,,1.50151967285588,,1.5934736958443856,,1.396684350132626,,1.4334659593280281,,1.525419982316534,,41315552.25,1.5131713324266873,1.4472147378882563,1.3812581433498252
lgb_tweedie,dead26,lumpy,168.0,0.05291338582677165,11.0,-149.0,-1448.0,-11.0,1.0209249084249084,1.1850202429149796,1.0340201465201464,1.3008097165991903,1.0667582417582417,1.5902834008097166,0.996062271062271,0.9651821862348178,1.0091575091575091,1.0809716599190284,1.0418956043956045,1.3704453441295548,0.9711996336996338,0.7453441295546558,0.9842948717948717,0.8611336032388662,1.017032967032967,1.1506072874493924,43451635.7,1.027041675937598,1.0029292058234232,0.9788167357092484
lgb_conformal,quantile,all,135.0,0.0010159083725900396,11.0,-121.0,-750.0,-3.0,0.995982905982906,0.9612637362637363,1.0004273504273504,1.004120879120879,1.0115384615384617,1.1112637362637363,0.979957264957265,0.8067307692307691,0.9844017094017095,0.8495879120879122,0.9955128205128205,0.9567307692307693,0.9639316239316239,0.6521978021978023,0.9683760683760684,0.695054945054945,0.9794871794871794,0.8021978021978021,34934902.64102564,0.9962401285973181,0.9808523052042769,0.9654644818112356
lgb_conformal,quantile,smooth,9.0,0.00010654291903921963,3.0,-6.0,-51.0,0.0,0.989102564102564,0.9673076923076923,0.989102564102564,0.9673076923076923,0.989102564102564,0.9673076923076923,0.9727564102564104,0.9182692307692308,0.9727564102564104,0.9182692307692308,0.9727564102564104,0.9182692307692308,0.9564102564102563,0.8692307692307693,0.9564102564102563,0.8692307692307693,0.9564102564102563,0.8692307692307693,2497209.0,0.9910600394280173,0.9776500985700436,0.9642401577120698
lgb_conformal,quantile,erratic,25.0,0.0005700474279460051,0.0,-25.0,-117.0,0.0,0.991,,0.991,,0.991,,0.9775,,0.9775,,0.9775,,0.9640000000000001,,0.9640000000000001,,0.9640000000000001,,7773293.0,0.9912958617013804,0.9782396542534507,0.9651834468055213
lgb_conformal,quantile,intermittent,61.0,0.04413892908827786,8.0,-52.0,-367.0,-1.0,0.9933480453972258,0.95491452991453,0.9966267339218158,0.9771367521367521,1.0048234552332913,1.0326923076923076,0.9759930643127365,0.8372863247863248,0.9792717528373266,0.8595085470085471,0.987468474148802,0.9150641025641026,0.9586380832282472,0.7196581196581195,0.9619167717528373,0.7418803418803418,0.9701134930643127,0.7974358974358974,14923798.0,0.9921452732871557,0.9752455851372934,0.9583458969874312
lgb_conformal,quantile,lumpy,40.0,0.012598425196850394,0.0,-38.0,-215.0,-2.0,1.0046634615384615,1.0932692307692309,1.0146634615384615,1.2932692307692308,1.0396634615384615,1.7932692307692308,0.9891586538461539,0.7831730769230769,0.9991586538461539,0.9831730769230769,1.0241586538461538,1.4831730769230769,0.9736538461538462,0.47307692307692306,0.9836538461538462,0.673076923076923,1.0086538461538461,1.173076923076923,9740602.64102564,1.0077876475938385,0.9923484150881706,0.9769091825825026
lgb_conformal,fixed,all,2285.0,0.017195189861986968,1556.0,-650.0,-10599.0,-79.0,1.0014517757953205,1.002028934368384,1.0083664366268306,1.011692542931075,1.0256530887056052,1.035851564337803,0.9880714526174045,0.9833292166549048,0.9949861134489144,0.9929928252175959,1.012272765527689,1.0171518466243237,0.9746911294394884,0.9646294989414256,0.9816057902709981,0.9742931075041167,0.9988924423497728,0.9984521289108444,543602227.1122537,1.0042904358423468,0.990748336771733,0.977206237701119
lgb_conformal,fixed,smooth,13.0,0.000153895327501095,0.0,-13.0,-25.0,0.0,0.996301775147929,,0.996301775147929,,0.996301775147929,,0.9907544378698224,,0.9907544378698224,,0.9907544378698224,,0.985207100591716,,0.985207100591716,,0.985207100591716,,2846110.277777778,0.9960179411079725,0.9900448527699309,0.9840717644318895
lgb_conformal,fixed,erratic,341.0,0.00777544691718351,37.0,-285.0,-2407.0,-19.0,1.0031412136250846,1.0191277472527474,1.0142849086397474,1.0869848901098902,1.0421441461764043,1.2566277472527472,0.9827797202797203,0.8951407967032967,0.9939234152943831,0.9629979395604396,1.02178265283104,1.1326407967032968,0.962418226934356,0.7711538461538462,0.9735619219490187,0.8390109890109889,1.0014211594856757,1.0086538461538461,94721611.40052682,1.004812268860184,0.9846504369364127,0.9644886050126414
lgb_conformal,fixed,intermittent,1351.0,0.9775687409551375,1204.0,-117.0,-4346.0,-30.0,1.0004754313044468,1.000520508664755,1.004916586004669,1.0053827452936042,1.016019472755224,1.0175383368657274,0.9911959801856175,0.9903612392469767,0.9956371348858396,0.995223475875826,1.0067400216363946,1.0073790674479493,0.9819165290667881,0.9802019698291983,0.9863576837670102,0.9850642064580476,0.9974605705175653,0.9972197980301707,307234184.5,1.0022521149005532,0.992988351324491,0.9837245877484286
lgb_conformal,fixed,lumpy,580.0,0.1826771653543307,315.0,-235.0,-3821.0,-30.0,1.0028481432360743,1.0047881828316612,1.0131929708222813,1.0221794871794871,1.0390550397877985,1.0656577480490523,0.98384449602122,0.972840022296544,0.994189323607427,0.9902313266443701,1.0200513925729442,1.0337095875139353,0.9648408488063661,0.940891861761427,0.975185676392573,0.9582831661092531,1.0010477453580902,1.0017614269788184,138800320.93394914,1.0086157676298837,0.9899658893534143,0.9713160110769452
lgb_conformal,dead13,all,700.0,0.0052676730430594645,132.0,-666.0,-11435.0,-141.0,1.3704423076923078,8.62675339366516,1.410728021978022,9.45616515837104,1.5114423076923076,11.529694570135746,1.323320054945055,7.6565893665158375,1.3636057692307693,8.48600113122172,1.464320054945055,10.559530542986424,1.2761978021978022,6.686425339366516,1.3164835164835165,7.515837104072398,1.4171978021978022,9.589366515837105,172295552.27271062,1.3534311959747276,1.3079886744829101,1.2625461529910924
lgb_conformal,dead13,smooth,0.0,0.0,0.0,0.0,0.0,0.0,,,,,,,,,,,,,,,,,,,0.0,,,
lgb_conformal,dead13,erratic,134.0,0.003055454213790587,15.0,-112.0,-752.0,-7.0,1.0048794489092998,1.0297202797202798,1.0153272101033295,1.0933566433566433,1.0414466130884041,1.2524475524475525,0.988691159586682,0.9311188811188811,0.9991389207807119,0.9947552447552449,1.0252583237657864,1.153846153846154,0.9725028702640645,0.8325174825174826,0.9829506314580941,0.8961538461538461,1.0090700344431687,1.0552447552447553,36955503.85714286,1.0108485992546514,0.9954947618510669,0.9801409244474824
lgb_conformal,dead13,intermittent,225.0,0.16280752532561504,38.0,-285.0,-5872.0,-74.0,1.8129230769230769,,1.8787008547008546,,2.043145299145299,,1.7376410256410255,,1.8034188034188035,,1.9678632478632478,,1.6623589743589744,,1.7281367521367519,,1.8925811965811965,,54761077.9,1.7672305388055274,1.6954665565845473,1.6237025743635674
lgb_conformal,dead13,lumpy,341.0,0.1074015748031496,79.0,-269.0,-4811.0,-60.0,1.2221351229415747,2.052056623931624,1.2573257387773518,2.2187232905982905,1.3453022783667945,2.635389957264957,1.1814375140988045,1.8593082264957266,1.2166281299345816,2.0259748931623935,1.3046046695240243,2.44264155982906,1.1407399052560343,1.6665598290598291,1.1759305210918114,1.8332264957264957,1.2639070606812541,2.249893162393162,80578970.51556776,1.229331998513332,1.1879780013405086,1.146624004167685
lgb_conformal,dead26,all,292.0,0.002197372183676234,12.0,-332.0,-5119.0,-40.0,1.3224512644889357,,1.3498485247629084,,1.41834167544784,,1.2718815858798735,,1.2992788461538463,,1.3677719968387778,,1.2213119072708114,,1.2487091675447841,,1.3172023182297157,,71567781.3,1.3077130792775449,1.2597547121758688,1.2117963450741926
lgb_conformal,dead26,smooth,0.0,0.0,0.0,0.0,0.0,0.0,,,,,,,,,,,,,,,,,,,0.0,,,
lgb_conformal,dead26,erratic,0.0,0.0,0.0,0.0,0.0,0.0,,,,,,,,,,,,,,,,,,,0.0,,,
lgb_conformal,dead26,intermittent,132.0,0.0955137481910275,2.0,-190.0,-3711.0,-29.0,1.6860868298368297,,1.7300262237762238,,1.8398747086247087,,1.604989801864802,,1.6489291958041958,,1.7587776806526807,,1.5238927738927739,,1.5678321678321678,,1.6776806526806527,,30659033.5,1.679067384053131,1.599931519893012,1.520795655732893
lgb_conformal,dead26,lumpy,160.0,0.050393700787401574,10.0,-142.0,-1408.0,-11.0,1.0224519230769231,1.1995726495726495,1.036201923076923,1.3217948717948718,1.070576923076923,1.6273504273504273,0.9970673076923078,0.9739316239316239,1.0108173076923077,1.096153846153846,1.0451923076923078,1.4017094017094016,0.9716826923076922,0.7482905982905983,0.9854326923076924,0.8705128205128205,1.0198076923076924,1.176068376068376,40908747.8,1.0294018455495866,1.0048094326304764,0.9802170197113663
hgb_quantile,quantile,all,317.0,0.0023855033637855,25.0,-290.0,-1605.0,-2.0,0.9921560300897841,0.907905982905983,0.9934178597427809,0.9227207977207977,0.9965724338752731,0.9597578347578348,0.9775509585052171,0.736431623931624,0.978812788158214,0.7512464387464388,0.9819673622907062,0.7882834757834758,0.9629458869206503,0.564957264957265,0.9642077165736471,0.5797720797720798,0.9673622907061392,0.6168091168091168,85561062.14764729,0.992051796773289,0.9772809035230016,0.9625100102727143
hgb_quantile,quantile,smooth,3.0,3.551430634640654e-05,0.0,-3.0,-5.0,0.0,0.9967948717948718,,0.9967948717948718,,0.9967948717948718,,0.9919871794871794,,0.9919871794871794,,0.9919871794871794,,0.9871794871794872,,0.9871794871794872,,0.9871794871794872,,1305600.0,0.9967948717948717,0.9919871794871794,0.9871794871794872
hgb_quantile,quantile,erratic,54.0,0.001231302444363371,8.0,-46.0,-268.0,0.0,0.9904558404558403,0.9355769230769231,0.9904558404558403,0.9355769230769231,0.9904558404558403,0.9355769230769231,0.9761396011396011,0.8389423076923077,0.9761396011396011,0.8389423076923077,0.9761396011396011,0.8389423076923077,0.9618233618233618,0.7423076923076923,0.9618233618233618,0.7423076923076923,0.9618233618233618,0.7423076923076923,13448128.910989013,0.9880035628322218,0.9700089070805544,0.9520142513288873
hgb_quantile,quantile,intermittent,123.0,0.08900144717800289,9.0,-113.0,-747.0,-1.0,0.9907598499061914,0.8863461538461539,0.9923858661663539,0.9063461538461539,0.9964509068167605,0.9563461538461538,0.9732410881801126,0.6708653846153846,0.9748671044402751,0.6908653846153846,0.9789321450906816,0.7408653846153845,0.9557223264540338,0.4553846153846154,0.9573483427141963,0.4753846153846154,0.9614133833646029,0.5253846153846153,34851835.083333336,0.9913471208035696,0.975164663645246,0.9589822064869225
hgb_quantile,quantile,lumpy,137.0,0.0431496062992126,8.0,-128.0,-585.0,-1.0,0.9939781021897811,0.9083333333333334,0.9954379562043796,0.9305555555555556,0.9990875912408759,0.9861111111111112,0.9816605839416059,0.7208333333333333,0.9831204379562044,0.7430555555555556,0.9867700729927007,0.7986111111111112,0.9693430656934308,0.5333333333333333,0.9708029197080292,0.5555555555555556,0.9744525547445255,0.6111111111111112,35955498.15332493,0.9940767405948577,0.9815180600843186,0.9689593795737795
hgb_quantile,fixed,all,3298.0,0.024818265280014448,2342.0,-850.0,-16414.0,-106.0,1.0000711386854504,1.0000958396178985,1.006499276951066,1.0087559703368527,1.0225696226151046,1.0304062971342383,0.9857145356159911,0.9807543049270991,0.9921426738816066,0.9894144356460534,1.0082130195456454,1.011064762443439,0.9713579325465318,0.9614127702362998,0.9777860708121473,0.970072900955254,0.993856416476186,0.9917232277526395,795580049.340246,1.0020060490429765,0.9875761567693353,0.973146264495694
hgb_quantile,fixed,smooth,2.0,2.3676204230937695e-05,0.0,-2.0,-2.0,0.0,0.9980769230769231,,0.9980769230769231,,0.9980769230769231,,0.9951923076923077,,0.9951923076923077,,0.9951923076923077,,0.9923076923076923,,0.9923076923076923,,0.9923076923076923,,387600.0,0.9980769230769231,0.9951923076923076,0.9923076923076923
hgb_quantile,fixed,erratic,76.0,0.0017329441809558555,-7.0,-70.0,-356.0,-13.0,1.0423076923076924,1.5358974358974364,1.0765182186234818,1.9692307692307693,1.1620445344129555,3.052564102564103,1.0287955465587044,1.36474358974359,1.063006072874494,1.7980769230769231,1.1485323886639678,2.881410256410257,1.0152834008097167,1.1935897435897438,1.0494939271255062,1.6269230769230767,1.1350202429149798,2.71025641025641,22284983.924908422,1.048830963904528,1.034689279552871,1.0205475952012142
hgb_quantile,fixed,intermittent,2257.0,1.6331403762662808,1789.0,-407.0,-10145.0,-61.0,0.9994640605296342,0.9993461538461538,1.0048694659350397,1.0059407484407483,1.0183829794485533,1.022427234927235,0.9864979891619234,0.9835275467775467,0.9919033945673289,0.9901221413721413,1.0054169080808424,1.0066086278586277,0.9735319177942128,0.9677089397089398,0.9789373231996183,0.9743035343035343,0.9924508367131318,0.9907900207900209,532777684.53333336,1.000228902289159,0.9871678363800429,0.9741067704709268
hgb_quantile,fixed,lumpy,963.0,0.3033070866141732,560.0,-371.0,-5911.0,-32.0,0.9981647895199297,0.997014682952183,1.004810687754613,1.0078254937629938,1.0214254333413213,1.0348525207900208,0.9804587027717868,0.968212383056133,0.9871046010064701,0.9790231938669438,1.0037193465931784,1.0060502208939708,0.962752616023644,0.9394100831600832,0.9693985142583273,0.9502208939708939,0.9860132598450355,0.977247920997921,240129780.88200423,1.001609824081515,0.9840975244674275,0.9665852248533399
hgb_quantile,dead13,all,905.0,0.00681034871995545,241.0,-880.0,-16791.0,-158.0,1.4299553761155972,16.564384615384615,1.4648725031874206,17.828384615384618,1.5521653208669786,20.988384615384618,1.3764354016149596,14.626961538461536,1.411352528686783,15.890961538461537,1.498645346366341,19.05096153846154,1.322915427114322,12.689538461538461,1.3578325541861453,13.95353846153846,1.4451253718657033,17.11353846153846,221332987.31654456,1.4271057074063085,1.3742183571064401,1.3213310068065718
hgb_quantile,dead13,smooth,0.0,0.0,0.0,0.0,0.0,0.0,,,,,,,,,,,,,,,,,,,0.0,,,
hgb_quantile,dead13,erratic,69.0,0.001573330901130974,26.0,-36.0,-287.0,-7.0,1.0224358974358974,1.0469114219114217,1.0427257525083613,1.0893356643356644,1.0934503901895207,1.1953962703962704,1.0104375696767003,1.0218240093240094,1.0307274247491638,1.0642482517482517,1.0814520624303232,1.1703088578088578,0.9984392419175029,0.9967365967365966,1.0187290969899665,1.0391608391608391,1.069453734671126,1.145221445221445,19482689.285714284,1.0319959719077125,1.019999137037862,1.0080023021680116
hgb_quantile,dead13,intermittent,414.0,0.2995658465991317,115.0,-497.0,-10333.0,-91.0,1.7160117056856188,,1.7599730583426234,,1.8698764399851355,,1.6440147714604236,,1.6879761241174285,,1.7978795057599404,,1.5720178372352285,,1.6159791898922333,,1.7258825715347454,,100353920.0,1.7071213402848358,1.635944713799849,1.5647680873148624
hgb_quantile,dead13,lumpy,422.0,0.13291338582677165,100.0,-347.0,-6171.0,-60.0,1.2159542471746263,2.215102564102564,1.2443902661319723,2.3751025641025643,1.3154803135253372,2.775102564102564,1.1737718738607363,1.9777564102564102,1.2022078928180824,2.13775641025641,1.2732979402114473,2.5377564102564105,1.1315895005468466,1.7404102564102566,1.1600255195041924,1.9004102564102565,1.2311155668975575,2.3004102564102564,101496378.03083028,1.2260850739018925,1.1834320134598157,1.1407789530177392
hgb_quantile,dead26,all,455.0,0.003423987477988652,52.0,-497.0,-8169.0,-52.0,1.3206382079459003,,1.3434953508030432,,1.4006382079459,,1.2688482671174979,,1.2917054099746408,,1.348848267117498,,1.2170583262890957,,1.2399154691462384,,1.2970583262890956,,110540275.08333333,1.3312304059907905,1.279640653531908,1.2280509010730254
hgb_quantile,dead26,smooth,0.0,0.0,0.0,0.0,0.0,0.0,,,,,,,,,,,,,,,,,,,0.0,,,
hgb_quantile,dead26,erratic,0.0,0.0,0.0,0.0,0.0,0.0,,,,,,,,,,,,,,,,,,,0.0,,,
hgb_quantile,dead26,intermittent,238.0,0.17221418234442837,27.0,-314.0,-6224.0,-40.0,1.6009696186166775,,1.6345830639948287,,1.718616677440207,,1.5255332902391727,,1.5591467356173239,,1.6431803490627022,,1.450096961861668,,1.483710407239819,,1.5677440206851974,,55100213.25,1.6459442121054837,1.5680067075155733,1.4900692029256626
hgb_quantile,dead26,lumpy,217.0,0.06834645669291338,25.0,-183.0,-1945.0,-12.0,1.013177951081177,1.0841063348416289,1.0242378589152783,1.1546945701357467,1.0518876285005316,1.3311651583710409,0.9873227578872741,0.9190893665158371,0.9983826657213754,0.9896776018099547,1.0260324353066288,1.1661481900452488,0.9614675646933711,0.7540723981900453,0.9725274725274725,0.824660633484163,1.000177242112726,1.001131221719457,55440061.83333333,1.0184458012086113,0.9930422886829047,0.9676387761571982
lgb_quantile,quantile,all,53.0,0.00039883810183164516,4.0,-49.0,-207.0,0.0,0.992489114658926,0.9004807692307693,0.992489114658926,0.9004807692307693,0.992489114658926,0.9004807692307693,0.981222786647315,0.7512019230769231,0.981222786647315,0.7512019230769231,0.981222786647315,0.7512019230769231,0.9699564586357039,0.6019230769230769,0.9699564586357039,0.6019230769230769,0.9699564586357039,0.6019230769230769,8854394.318181818,0.9927678164937875,0.9819195412344692,0.9710712659751508
lgb_quantile,quantile,smooth,0.0,0.0,0.0,0.0,0.0,0.0,,,,,,,,,,,,,,,,,,,0.0,,,
lgb_quantile,quantile,erratic,3.0,6.840569135352061e-05,0.0,-3.0,-6.0,0.0,0.9961538461538462,,0.9961538461538462,,0.9961538461538462,,0.9903846153846154,,0.9903846153846154,,0.9903846153846154,,0.9846153846153847,,0.9846153846153847,,0.9846153846153847,,1301892.0,0.9961538461538462,0.9903846153846154,0.9846153846153846
lgb_quantile,quantile,intermittent,29.0,0.020984081041968163,3.0,-26.0,-136.0,0.0,0.9909814323607428,0.9128205128205128,0.9909814323607428,0.9128205128205128,0.9909814323607428,0.9128205128205128,0.9774535809018567,0.782051282051282,0.9774535809018567,0.782051282051282,0.9774535809018567,0.782051282051282,0.9639257294429708,0.6512820512820513,0.9639257294429708,0.6512820512820513,0.9639257294429708,0.6512820512820513,4586599.5,0.9916683762875205,0.9791709407188016,0.9666735051500824
lgb_quantile,quantile,lumpy,21.0,0.006614173228346456,1.0,-20.0,-65.0,0.0,0.9940476190476191,0.875,0.9940476190476191,0.875,0.9940476190476191,0.875,0.9851190476190477,0.6875,0.9851190476190477,0.6875,0.9851190476190477,0.6875,0.9761904761904762,0.5,0.9761904761904762,0.5,0.9761904761904762,0.5,2965902.8181818184,0.9929817301022384,0.9824543252555962,0.971926920408954
lgb_quantile,fixed,all,2950.0,0.022199479252893457,2059.0,-769.0,-14097.0,-122.0,1.003217079530639,1.004351391387155,1.0114882659713167,1.0155389200437341,1.0321662320730116,1.0435077416851832,0.9894325293350716,0.9857065389905829,0.9977037157757497,0.9968940676471625,1.0183816818774445,1.0248628892886114,0.9756479791395045,0.9670616865940111,0.9839191655801826,0.9782492152505907,1.0045971316818774,1.0062180368920397,698259094.9964033,1.0065175548801621,0.9926571517643767,0.9787967486485912
lgb_quantile,fixed,smooth,9.0,0.00010654291903921963,0.0,-9.0,-15.0,0.0,0.9967948717948718,,0.9967948717948718,,0.9967948717948718,,0.9919871794871794,,0.9919871794871794,,0.9919871794871794,,0.9871794871794872,,0.9871794871794872,,0.9871794871794872,,1993224.75,0.9966894761320948,0.991723690330237,0.9867579045283792
lgb_quantile,fixed,erratic,96.0,0.0021889821233126595,-15.0,-91.0,-427.0,-20.0,1.053946314102564,2.0357692307692306,1.0956129807692307,2.835769230769231,1.1997796474358975,4.83576923076923,1.0411157852564104,1.7894230769230766,1.0827824519230769,2.589423076923077,1.1869491185897436,4.589423076923077,1.0282852564102563,1.543076923076923,1.069951923076923,2.343076923076923,1.1741185897435897,4.343076923076923,27491345.719780218,1.0676733258214357,1.055097565489143,1.0425218051568506
lgb_quantile,fixed,intermittent,1865.0,1.349493487698987,1491.0,-312.0,-7867.0,-62.0,1.0018612084965972,1.0022351280400217,1.0085100020622808,1.0102196740799445,1.02513198597649,1.0301810391797515,0.9896932357187048,0.9876225915102282,0.9963420292843885,0.9956071375501511,1.0129640131985975,1.015568502649958,0.9775252629408124,0.9730100549804348,0.9841740565064961,0.9809946010203576,1.0007960404207052,1.0009559661201644,427149108.1666666,1.003491202225574,0.9911255984507114,0.9787599946758484
lgb_quantile,fixed,lumpy,980.0,0.30866141732283464,583.0,-357.0,-5788.0,-40.0,1.0008869701726844,1.0013952339795036,1.009050235478807,1.0142363254722804,1.029458398744113,1.0463390542042228,0.9838500784929356,0.9745956290900111,0.992013343799058,0.987436720582788,1.0124215070643643,1.0195394493147303,0.9668131868131868,0.9477960242005186,0.9749764521193093,0.9606371156932955,0.9953846153846154,0.9927398444252377,241625416.35995647,1.0049905589206571,0.9882680904392303,0.9715456219578034
lgb_quantile,dead13,all,886.0,0.006667369023072408,242.0,-801.0,-14883.0,-156.0,1.373791022747005,4.896221719457014,1.4090054696996006,5.263280542986426,1.4970415870810905,6.180927601809954,1.3253353446778955,4.391142533936652,1.3605497916304912,4.758201357466063,1.448585909011981,5.675848416289592,1.2768796666087863,3.8860633484162896,1.3120941135613822,4.2531221719457015,1.400130230942872,5.170769230769231,216497597.2153846,1.3622065715548175,1.314724381499306,1.2672421914437946
lgb_quantile,dead13,smooth,0.0,0.0,0.0,0.0,0.0,0.0,,,,,,,,,,,,,,,,,,,0.0,,,
lgb_quantile,dead13,erratic,81.0,0.0018469536665450565,23.0,-51.0,-367.0,-7.0,1.017212725546059,1.0464743589743588,1.0344966761633427,1.0931410256410254,1.0777065527065526,1.2098076923076921,1.0041429249762583,1.0111858974358974,1.0214268755935423,1.057852564102564,1.0646367521367521,1.1745192307692307,0.9910731244064578,0.9758974358974358,1.0083570750237416,1.0225641025641026,1.0515669515669515,1.139230769230769,22234781.85714286,1.0264517889032732,1.013563992538199,1.0006761961731248
lgb_quantile,dead13,intermittent,383.0,0.2771345875542692,102.0,-423.0,-8569.0,-88.0,1.6264259891544488,,1.6723789917654148,,1.7872614982928299,,1.5618874271942158,,1.6078404298051818,,1.7227229363325969,,1.4973488652339828,,1.5433018678449488,,1.6581843743723639,,93442318.1,1.5936117782456554,1.531194253696955,1.4687767291482545
lgb_quantile,dead13,lumpy,422.0,0.13291338582677165,117.0,-327.0,-5947.0,-61.0,1.2129465913233686,1.9459311740890688,1.2418565439300036,2.074352226720648,1.3141314254465912,2.395404858299595,1.172295388261028,1.7653542510121456,1.201205340867663,1.8937753036437246,1.2734802223842507,2.214827935222672,1.1316441851986876,1.5847773279352229,1.1605541378053226,1.7131983805668016,1.2328290193219102,2.034251012145749,100820497.25824176,1.2217826997344994,1.1805134673263904,1.1392442349182814
lgb_quantile,dead26,all,420.0,0.0031606038258356786,41.0,-432.0,-6605.0,-48.0,1.2445192307692308,,1.2673763736263737,,1.3245192307692308,,1.1991552197802198,,1.2220123626373625,,1.2791552197802196,,1.1537912087912088,,1.1766483516483517,,1.2337912087912086,,103257176.78333333,1.2344760793106244,1.1908035313019998,1.1471309832933747
lgb_quantile,dead26,smooth,0.0,0.0,0.0,0.0,0.0,0.0,,,,,,,,,,,,,,,,,,,0.0,,,
lgb_quantile,dead26,erratic,0.0,0.0,0.0,0.0,0.0,0.0,,,,,,,,,,,,,,,,,,,0.0,,,
lgb_quantile,dead26,intermittent,216.0,0.15629522431259044,20.0,-257.0,-4818.0,-37.0,1.4621972934472935,,1.4964565527065528,,1.582104700854701,,1.3978543447293448,,1.432113603988604,,1.5177617521367521,,1.333511396011396,,1.3677706552706552,,1.4534188034188034,,50694472.25,1.4577392330596148,1.3944383698597889,1.3311375066599633
lgb_quantile,dead26,lumpy,204.0,0.06425196850393701,21.0,-175.0,-1787.0,-11.0,1.0140365761689292,1.098740053050398,1.0248208898944193,1.174602122015915,1.0517816742081447,1.3642572944297082,0.988767911010558,0.9209880636604774,0.9995522247360482,0.9968501326259948,1.0265130090497738,1.1865053050397878,0.963499245852187,0.7432360742705569,0.9742835595776772,0.8190981432360743,1.0012443438914027,1.0087533156498674,52562704.53333333,1.0191483511683614,0.9944064706093838,0.9696645900504062
chronos2,quantile,all,47.0,0.0003536866186054212,17.0,-19.0,-414.0,-11.0,1.0532733224222586,1.089423076923077,1.1000818330605566,1.1679945054945056,1.2171031096563012,1.364423076923077,1.0278641571194762,1.046771978021978,1.0746726677577743,1.1253434065934067,1.1916939443535188,1.321771978021978,1.0024549918166938,1.004120879120879,1.049263502454992,1.0826923076923076,1.1662847790507365,1.2791208791208792,12057689.333333332,1.0910784139077003,1.0655552052991046,1.0400319966905087
chronos2,quantile,smooth,28.0,0.0003314668592331277,15.0,-2.0,-221.0,-11.0,1.1026785714285714,1.1105769230769231,1.1812500000000001,1.1951923076923077,1.3776785714285715,1.4067307692307693,1.0799107142857143,1.0860576923076923,1.1584821428571428,1.1706730769230769,1.3549107142857142,1.3822115384615385,1.0571428571428572,1.0615384615384615,1.1357142857142857,1.146153846153846,1.332142857142857,1.3576923076923075,7352322.333333333,1.1617550463847683,1.138479286407817,1.1152035264308655
chronos2,quantile,erratic,0.0,0.0,0.0,0.0,0.0,0.0,,,,,,,,,,,,,,,,,,,0.0,,,
chronos2,quantile,intermittent,8.0,0.005788712011577424,0.0,-8.0,-63.0,0.0,0.9848557692307692,,0.9848557692307692,,0.9848557692307692,,0.9621394230769231,,0.9621394230769231,,0.9621394230769231,,0.9394230769230769,,0.9394230769230769,,0.9394230769230769,,2312758.0,0.9849976105784322,0.9624940264460806,0.939990442313729
chronos2,quantile,lumpy,11.0,0.0034645669291338585,2.0,-9.0,-130.0,0.0,0.9772727272727273,0.875,0.9772727272727273,0.875,0.9772727272727273,0.875,0.9431818181818182,0.6875,0.9431818181818182,0.6875,0.9431818181818182,0.6875,0.9090909090909091,0.5,0.9090909090909091,0.5,0.9090909090909091,0.5,2392609.0,0.9764344596052001,0.9410861490130005,0.9057378384208007
chronos2,fixed,all,3802.0,0.02861098987101726,2635.0,-1023.0,-17754.0,-144.0,1.0023823493707764,1.0032593351233148,1.009957309917857,1.013622775209677,1.0288947112855582,1.039531375425582,0.9889122121960102,0.984830597613973,0.9964871727430907,0.995194037700335,1.015424574110792,1.02110263791624,0.9754420750212438,0.9664018601046308,0.9830170355683244,0.976765300190993,1.0019544369360256,1.0026739004068979,942415486.9080541,1.007051870493409,0.9933049180324979,0.9795579655715867
chronos2,fixed,smooth,23.0,0.0002722763486557835,5.0,-18.0,-54.0,0.0,0.995484949832776,0.9792307692307693,0.995484949832776,0.9792307692307693,0.995484949832776,0.9792307692307693,0.9887123745819397,0.948076923076923,0.9887123745819397,0.948076923076923,0.9887123745819397,0.948076923076923,0.9819397993311035,0.9169230769230768,0.9819397993311035,0.9169230769230768,0.9819397993311035,0.9169230769230768,5681751.361111111,0.995355488363949,0.9883887209098725,0.9814219534557961
chronos2,fixed,erratic,318.0,0.007251003283473185,71.0,-230.0,-1464.0,-17.0,1.0071843251088535,1.0259615384615386,1.0178761490082244,1.0645979020979022,1.044605708756652,1.1611888111888111,0.9939042089985487,0.977972027972028,1.0045960328979198,1.0166083916083914,1.0313255926463474,1.1131993006993006,0.9806240928882437,0.9299825174825174,0.9913159167876149,0.9686188811188811,1.0180454765360425,1.0652097902097901,87825334.96402779,1.0118510652674797,0.9993206908003023,0.9867903163331248
chronos2,fixed,intermittent,2015.0,1.4580318379160637,1616.0,-318.0,-8213.0,-81.0,1.0042212254246994,1.0050122387924392,1.01226092765795,1.014558496894973,1.0323601832410765,1.0384241421513076,0.9924637335369345,0.9910515162503966,1.0005034357701852,1.0005977743529306,1.0206026913533115,1.0244634196092652,0.9807062416491698,0.9770907937083542,0.9887459438824203,0.986637051810888,1.008845199465547,1.0105026970672228,492380488.43333334,1.0103440887828057,0.99823141213499,0.9861187354871743
chronos2,fixed,lumpy,1446.0,0.4554330708661417,943.0,-457.0,-8023.0,-46.0,0.9988735503776998,0.9983530372559695,1.0052359293541866,1.0076553628373648,1.0211418767954037,1.0309111767908532,0.9828685232471539,0.9749523605817842,0.989230902223641,0.9842546861631796,1.005136849664858,1.007510500116668,0.966863496116608,0.9515516839075989,0.973225875093095,0.9608540094889942,0.9891318225343121,0.9841098234424827,356527912.14958185,1.0015093619392974,0.9850976665903489,0.9686859712414003
chronos2,dead13,all,951.0,0.007156510091356501,252.0,-817.0,-14770.0,-160.0,1.3129297096174068,3.2208668197474166,1.3465785003639892,3.45967278989667,1.4307004772304457,4.056687715269804,1.2681286904473026,2.9029133180252584,1.3017774811938851,3.1417192881745124,1.3858994580603414,3.7387342135476467,1.2233276712771979,2.5849598163031,1.2569764620237804,2.8237657864523533,1.341098438890237,3.4207807118254876,231559785.63101345,1.3001159699056675,1.2564667638833784,1.2128175578610891
chronos2,dead13,smooth,0.0,0.0,0.0,0.0,0.0,0.0,,,,,,,,,,,,,,,,,,,0.0,,,
chronos2,dead13,erratic,91.0,0.0020749726377234587,38.0,-46.0,-337.0,-7.0,1.0159551986475064,1.0322649572649574,1.0313398140321217,1.0633760683760685,1.06980135249366,1.1411538461538462,1.0052726120033812,1.0106623931623933,1.0206572273879966,1.0417735042735043,1.0591187658495351,1.119551282051282,0.9945900253592561,0.9890598290598291,1.0099746407438717,1.0201709401709402,1.04843617920541,1.097948717948718,25341580.57142857,1.0236082845363743,1.0128995954343902,1.0021909063324062
chronos2,dead13,intermittent,375.0,0.27134587554269174,85.0,-409.0,-8273.0,-86.0,1.5730410256410257,,1.6189076923076924,,1.733574358974359,,1.509402564102564,,1.5552692307692308,,1.6699358974358975,,1.4457641025641024,,1.491630769230769,,1.6062974358974358,,91077522.7,1.5316678952535245,1.4707206646721325,1.4097734340907406
chronos2,dead13,lumpy,485.0,0.15275590551181104,129.0,-362.0,-6160.0,-67.0,1.167533703409992,1.6606003752345215,1.1951625693893735,1.769543464665416,1.2642347343378273,2.041901188242652,1.1308961141950833,1.5161350844277672,1.1585249801744646,1.6250781738586617,1.2275971451229182,1.8974358974358974,1.0942585249801746,1.3716697936210132,1.121887390959556,1.4806128830519074,1.1909595559080095,1.7529706066291433,115140682.35958487,1.1778131168991628,1.140596880055684,1.103380643212205
chronos2,dead26,all,426.0,0.0032057553090619026,33.0,-443.0,-6327.0,-46.0,1.2291847237269773,,1.2507809678584325,,1.304771578187071,,1.186342091007584,,1.2079383351390391,,1.2619289454676776,,1.1434994582881908,,1.1650957024196462,,1.2190863127482845,,103705381.8,1.2182716126508728,1.1774091333686538,1.1365466540864348
chronos2,dead26,smooth,0.0,0.0,0.0,0.0,0.0,0.0,,,,,,,,,,,,,,,,,,,0.0,,,
chronos2,dead26,erratic,0.0,0.0,0.0,0.0,0.0,0.0,,,,,,,,,,,,,,,,,,,0.0,,,
chronos2,dead26,intermittent,215.0,0.15557163531114326,12.0,-260.0,-4608.0,-35.0,1.4355277280858678,,1.4680858676207516,,1.5494812164579608,,1.3737030411449016,,1.4062611806797853,,1.4876565295169948,,1.3118783542039356,,1.3444364937388193,,1.4258318425760286,,49598686.5,1.4307567576663547,1.3699415977099514,1.309126437753548
chronos2,dead26,lumpy,211.0,0.06645669291338582,21.0,-183.0,-1719.0,-11.0,1.0189300036456435,1.142651098901099,1.0293565439300036,1.2212225274725275,1.055422894640904,1.4176510989010989,0.9954292745169522,0.9655563186813187,1.0058558148013126,1.0441277472527473,1.0319221655122128,1.2405563186813187,0.971928545388261,0.7884615384615384,0.9823550856726212,0.867032967032967,1.0084214363835218,1.0634615384615385,54106695.3,1.023490097441055,1.0009179008698093,0.9783457042985632
