series_id,start_week,ADI,CV2,demand_class
2863_DOO,32,24.0,0.0,intermittent
2863_HOG,0,1.8064516129032258,1.253104455807158,lumpy
2863_VAG,0,3.5,1.162162162162162,lumpy
2863_XDG,12,44.0,0.0,intermittent
2867_HOG,1,18.333333333333332,0.21874999999999997,intermittent
3058_CAM,0,1.1428571428571428,2.4057091393217944,erratic
3058_DEN,0,1.5135135135135136,2.9847623966942143,lumpy
3058_DOO,0,1.1666666666666667,0.7469983815725091,erratic
3058_HOG,0,1.75,2.137549258772753,lumpy
3058_NAU,0,2.24,1.2812499999999996,lumpy
3058_TRG,0,1.1666666666666667,3.2341040063017363,erratic
3058_XDL,0,1.75,1.43801652892562,lumpy
3058_XNH,0,1.2444444444444445,0.7430237401082883,erratic
D8711-072_VAG,27,29.0,0.0,intermittent
DD0016_CAM,22,17.0,0.0,intermittent
DD0016_DEN,0,1.0769230769230769,1.4029506246281975,erratic
DD0016_DOD,0,1.75,0.785679012345679,lumpy
DD0016_DOO,3,1.5142857142857142,0.46235078053259876,intermittent
DD0016_NAU,3,4.076923076923077,0.09777777777777796,intermittent
DD0016_TIM,0,1.435897435897436,0.5551347738917355,lumpy
DD0016_XDG,0,1.6470588235294117,1.1683424303361103,lumpy
DD8411_DEN,0,7.0,0.08641975308641975,intermittent
DD8411_VAG,0,14.0,0.3333333333333333,intermittent
DDOO19_CAM,0,2.5454545454545454,0.4319526627218934,intermittent
DDOO19_DOO,0,11.2,0.11111111111111122,intermittent
DDOO19_HOG,0,1.5135135135135136,0.5209688581314877,lumpy
DDOO19_VAG,0,2.24,0.350415512465374,intermittent
DDOO19_XDG,15,20.5,0.0,intermittent
DDOO19_XNG,0,3.5,0.10803324099722991,intermittent
DDPU613_CAM,37,9.5,0.0,intermittent
DDPU613_DEN,2,3.6,0.12188365650969539,intermittent
DDPU613_HOG,3,7.571428571428571,0.0,intermittent
DDPU613_TRG,15,2.05,0.24260355029585792,intermittent
DDPU613_VAG,37,19.0,0.0,intermittent
DEV007_DEN,0,1.2444444444444445,1.060887279311906,erratic
DEV007_KEM,0,1.12,0.5330096327042059,erratic
DEV007_NAU,6,16.666666666666668,0.0,intermittent
DEV007_TRG,0,1.75,1.8784412263880623,lumpy
DEV007_XAM,0,1.037037037037037,0.31938192520775616,smooth
DEV007_XDG,3,7.571428571428571,0.09375000000000011,intermittent
DEV007_XNH,0,1.2727272727272727,1.1390397805212618,erratic
DEV018/DRB025_DEN,12,22.0,0.0,intermittent
DEV018/DRB025_DOO,2,9.0,0.10204081632653039,intermittent
DEV018/DRB025_TRG,13,43.0,0.0,intermittent
DEV018/DRB025_XDG,2,9.0,0.0,intermittent
DEV025_DEN,0,1.018181818181818,0.9059544456006475,erratic
DEV025_DOO,0,1.018181818181818,0.9228284718277704,erratic
DEV025_TRG,0,2.4347826086956523,0.4280496712929145,intermittent
DEV025_XAM,22,1.4782608695652173,1.0151925078043704,lumpy
DEV025_XDD,33,1.0454545454545454,1.0792100694444449,erratic
DEV025_XDG,0,1.0769230769230769,0.9382009819377503,erratic
DEV026_DEN,0,1.0769230769230769,1.172400756143667,erratic
DEV026_NAU,0,1.302325581395349,0.9631347656250001,erratic
DEV027/DRB046_BAC,6,16.666666666666668,0.12500000000000006,intermittent
DEV027/DRB046_DEN,1,9.166666666666666,0.10204081632653039,intermittent
DEV027/DRB046_DOO,0,2.6666666666666665,0.6826618379357173,lumpy
DEV027/DRB046_KEM,1,18.333333333333332,0.0,intermittent
DEV027/DRB046_TRG,2,9.0,0.12500000000000006,intermittent
DEV027/DRB046_XAM,0,2.6666666666666665,1.2847800237812128,lumpy
DEV027/DRB046_XDG,3,6.625,0.08641975308641975,intermittent
DEV027/DRB046_XNH,0,2.5454545454545454,0.8863636363636365,lumpy
DEV028_DEN,0,1.018181818181818,0.3676597353497162,smooth
DEV028_KEM,0,11.2,0.0,intermittent
DEV028_NAU,21,35.0,0.0,intermittent
DEV028_TIM,0,1.0,0.5703683903757415,erratic
DEV028_XAM,0,1.0,0.25391703653370745,smooth
DEV028_XDG,12,14.666666666666666,0.0,intermittent
DEV028_XNH,0,1.0,0.3102509728007845,smooth
DEV030_CAM,0,1.037037037037037,0.8411055065617374,erratic
DEV030_DEN,0,1.0,0.745024135422866,erratic
DEV030_DOO,0,1.0769230769230769,0.8727223875250028,erratic
DEV030_NAU,20,7.2,0.0,intermittent
DEV030_REU,0,3.2941176470588234,0.18999999999999984,intermittent
DEV030_XAM,0,1.0566037735849056,0.8601988712711639,erratic
DEV030_XDG,0,1.4,0.5637860082304526,lumpy
DEV030_XMN,0,1.1428571428571428,0.7318339100346022,erratic
DEV030_XNH,0,1.0769230769230769,1.085327783558793,erratic
DEV032_DEN,0,1.0,0.6802729233830122,erratic
DEV032_REU,0,1.9310344827586208,0.8832098765432097,lumpy
DEV032_XAM,0,1.0,0.5632617884844255,erratic
DEV032_XNH,0,1.0,0.7204938271604938,erratic
DEV033_CAM,0,1.0769230769230769,1.7354550726332663,erratic
DEV033_DEN,0,1.018181818181818,1.768830434855837,erratic
DEV033_DOO,0,3.2941176470588234,0.04938271604938268,intermittent
DEV033_REU,32,3.4285714285714284,0.3305785123966942,intermittent
DEV033_TRG,0,2.24,3.3264462809917354,lumpy
DEV033_XAM,0,3.2941176470588234,0.5404081632653065,lumpy
DEV033_XLC,1,55.0,0.0,intermittent
DEV033_XNH,0,1.3658536585365855,1.0596612253261388,lumpy
DEV034_CAM,0,1.2727272727272727,2.1799628942486082,erratic
DEV034_DEN,0,1.0,0.6568802827151031,erratic
DEV034_DOO,0,1.0769230769230769,1.480045582582317,erratic
DEV034_HOG,0,1.0,0.4540322207840238,smooth
DEV034_TRG,0,1.302325581395349,0.8371670597958024,erratic
DEV034_XAM,0,1.0,0.7966506335466652,erratic
DEV034_XDG,0,1.5135135135135136,1.306094182825485,lumpy
DEV034_XMN,3,26.5,0.0,intermittent
DEV034_XNH,0,1.2444444444444445,1.0430098476559213,erratic
DEV035_CAM,20,1.125,0.4487559815745144,smooth
DEV035_HOG,0,1.0,0.22802941285882578,smooth
DEV035_TIM,0,1.0566037735849056,1.0201490633944508,erratic
DEV035_TRG,0,1.037037037037037,0.7267539861903632,erratic
DEV035_XAM,0,1.1666666666666667,0.8084473527662106,erratic
DEV035_XDG,32,6.0,0.0,intermittent
DEV035_XNG,2,4.909090909090909,0.12244897959183675,intermittent
DEV035_XNH,0,1.018181818181818,0.7652781277119899,erratic
DEV071_CAM,0,1.3658536585365855,0.38967919872260126,intermittent
DEV071_DEN,0,1.0,0.47523236466088814,smooth
DEV071_DOO,0,1.1914893617021276,2.219410250946582,erratic
DEV071_HOG,0,1.0,0.6441246195065155,erratic
DEV071_KED,14,8.4,0.0,intermittent
DEV071_KEM,15,1.2424242424242424,0.795214630531018,erratic
DEV071_NAD,1,55.0,0.0,intermittent
DEV071_NAU,0,1.018181818181818,1.7963688145247416,erratic
DEV071_REU,0,2.3333333333333335,1.8526722594023939,lumpy
DEV071_TRG,2,2.347826086956522,0.3608473338203068,intermittent
DEV071_XAL,25,1.4090909090909092,0.6347155691037241,lumpy
DEV071_XAM,0,1.037037037037037,0.6043282581633627,erratic
DEV071_XNH,23,33.0,0.0,intermittent
DEV072_CAM,36,20.0,0.0,intermittent
DEV072_DEN,0,1.0,1.4021747532788786,erratic
DEV072_DOO,1,2.2,0.44731361932528113,intermittent
DEV072_HOG,0,1.2444444444444445,1.3455810546875,erratic
DEV072_TIM,41,2.5,0.1111111111111111,intermittent
DEV072_TRG,7,1.8846153846153846,0.7125333333333335,lumpy
DEV072_XAM,0,1.037037037037037,0.9024850581944007,erratic
DEV072_XDG,0,1.1428571428571428,1.646814404432133,erratic
DEV073_CAM,1,2.5,0.2941176470588236,intermittent
DEV073_DEN,0,1.0,0.7856831659639428,erratic
DEV073_DOO,0,1.018181818181818,0.6094828115722445,erratic
DEV073_HOG,0,1.018181818181818,0.43677031472908856,smooth
DEV073_HOL,0,1.8666666666666667,1.714463558171118,lumpy
DEV073_KEM,0,1.0980392156862746,0.7584872528616028,erratic
DEV073_NAU,26,30.0,0.0,intermittent
DEV073_REU,0,1.0,1.0617308950695281,erratic
DEV073_TRG,0,1.302325581395349,1.7341878900320462,erratic
DEV073_VAL,0,4.0,0.5555555555555554,lumpy
DEV073_XAL,17,1.0833333333333333,0.53835358098329,erratic
DEV073_XAM,0,1.0,0.46583691132412924,smooth
DEV073_XDG,0,1.1666666666666667,1.0943816851191592,erratic
DEV073_XNH,0,1.0,0.515275063092145,erratic
DEV078/DRB078_CAM,0,1.435897435897436,0.6127625842251289,lumpy
DEV078/DRB078_DEN,0,1.0,0.6021514408179897,erratic
DEV078/DRB078_DOO,0,1.75,0.5640138408304498,lumpy
DEV078/DRB078_HOG,0,1.0769230769230769,0.7251695046840227,erratic
DEV078/DRB078_KEM,0,14.0,0.0,intermittent
DEV078/DRB078_NAU,29,4.5,0.20918367346938746,intermittent
DEV078/DRB078_REU,0,1.6470588235294117,1.1663159666694722,lumpy
DEV078/DRB078_TIM,3,6.625,0.08641975308641975,intermittent
DEV078/DRB078_TRG,0,1.0,1.424357554955962,erratic
DEV078/DRB078_XAD,0,1.3658536585365855,1.8619392408977304,lumpy
DEV078/DRB078_XAL,0,1.435897435897436,1.8981736557494135,lumpy
DEV078/DRB078_XAM,0,1.0,1.9626322751322751,erratic
DEV078/DRB078_XNH,0,1.12,0.48597065238945075,smooth
DEV078_CAM,0,2.4347826086956523,0.3163371488033298,intermittent
DEV078_DEN,0,1.0,0.5226970496842529,erratic
DEV078_DOG,0,1.018181818181818,0.743094551070988,erratic
DEV078_DOO,0,1.6470588235294117,0.5688476562499999,lumpy
DEV078_HOG,0,1.037037037037037,0.6081585751220916,erratic
DEV078_TIM,0,2.9473684210526314,0.5702479338842974,lumpy
DEV078_TRG,0,1.018181818181818,0.5578798364265493,erratic
DEV078_XAD,42,1.0,0.25135715187476326,smooth
DEV078_XAM,0,1.037037037037037,0.3712247324613555,smooth
DEV078_XNG,1,9.166666666666666,0.10204081632653039,intermittent
DEV081_CAM,0,1.0,0.2922047772954503,smooth
DEV081_DEN,0,1.0,0.19385685511076906,smooth
DEV081_DOO,0,1.302325581395349,0.5343858131487892,erratic
DEV081_HOG,2,1.0,0.2967395567095351,smooth
DEV081_REU,0,1.3658536585365855,0.9002202432251265,lumpy
DEV081_TRG,0,1.4736842105263157,1.1932182271270915,lumpy
DEV081_VAG,13,1.0,0.20572394638328725,smooth
DEV081_XAD,0,1.0,0.2024821164756404,smooth
DEV081_XDG,2,1.0188679245283019,0.26256834624060077,smooth
DEV081_XLC,2,1.0188679245283019,0.2529597985956897,smooth
DEV081_XMN,0,1.0,0.4004820936639117,smooth
DEV081_XNH,0,1.018181818181818,0.3296138034387088,smooth
DEV082_CAM,3,7.571428571428571,0.0,intermittent
DEV082_DEN,2,1.148936170212766,0.46106574394463673,smooth
DEV082_NAU,13,6.142857142857143,0.09375000000000011,intermittent
DEV082_TIM,33,23.0,0.0,intermittent
DEV082_XAM,0,1.1914893617021276,0.30754325259515547,smooth
DEV082_XDG,0,5.6,0.07438016528925608,intermittent
DEV091_CAM,0,1.3333333333333333,0.7495296963181941,lumpy
DEV091_DEN,0,1.0,0.4492046108338217,smooth
DEV091_DOO,3,8.833333333333334,0.0,intermittent
DEV091_HOG,0,1.0,0.3416608236986522,smooth
DEV091_HOL,0,1.0566037735849056,1.0396244236830046,erratic
DEV091_REU,0,1.0980392156862746,1.0613884312877668,erratic
DEV091_TIM,0,1.037037037037037,0.5432,erratic
DEV091_TRG,0,1.0,0.41129987029013987,smooth
DEV091_XAM,0,1.0,0.3777121319257429,smooth
DEV091_XDG,0,1.1914893617021276,3.0369918357040655,erratic
DEV091_XDL,29,1.0,0.24664792387543266,smooth
DEV091_XLC,0,1.2173913043478262,0.6999307958477508,erratic
DEV091_XMN,0,1.1914893617021276,0.6689148978377305,erratic
DEV091_XNH,0,1.0,0.6128562492124856,erratic
DEV092_CAM,0,1.12,0.6280654510225693,erratic
DEV092_DEN,0,1.3658536585365855,0.6678994082840238,lumpy
DEV092_DOO,0,1.0,0.42424190144287477,smooth
DEV092_HOD,0,5.6,0.07438016528925608,intermittent
DEV092_HOG,0,1.018181818181818,0.8222061975442181,erratic
DEV092_HOL,0,2.1538461538461537,1.1244907197827072,lumpy
DEV092_TIM,13,3.909090909090909,0.12244897959183675,intermittent
DEV092_TRG,0,4.666666666666667,0.21874999999999997,intermittent
DEV092_VAG,6,3.8461538461538463,0.09777777777777796,intermittent
DEV092_XAM,0,1.302325581395349,0.7529516596123855,erratic
DEV092_XDG,0,1.12,1.4719236807148897,erratic
DEV092_XMN,40,1.0,0.20222222222222222,smooth
DEV092_XNH,0,1.8666666666666667,0.5976331360946748,lumpy
DEV093_CAM,0,1.1914893617021276,0.8018375305704276,erratic
DEV093_DEN,0,1.0,0.6047905500281376,erratic
DEV093_NAU,0,1.0,0.5238042592003977,erratic
DEV093_REU,0,1.018181818181818,0.33961397058823545,smooth
DEV093_TIM,0,1.0980392156862746,0.5981224279835391,erratic
DEV093_XNH,0,2.3333333333333335,0.76,lumpy
DEV094_DEN,24,1.0,0.2406474799054928,smooth
DEV094_HOG,3,1.0192307692307692,0.32854832388731614,smooth
DEV094_VAG,3,1.0392156862745099,0.3558402585410895,smooth
DEV094_XAM,0,1.018181818181818,0.5287487544037222,erratic
DEV094_XDG,24,1.032258064516129,0.2843544558071583,smooth
DEV094_XNH,0,1.0566037735849056,1.1186340572901288,erratic
DEV096_BAC,11,1.0227272727272727,0.5655599786596626,erratic
DEV096_DEN,0,1.0,0.4515806381841079,smooth
DEV096_DOO,0,1.0,0.3041856774449515,smooth
DEV096_HOG,0,1.0,0.23287926061449557,smooth
DEV096_TIM,14,1.105263157894737,0.40607715465938515,smooth
DEV096_TRG,0,1.018181818181818,0.6581574569874182,erratic
DEV096_VAG,27,1.0740740740740742,0.4999999999999999,smooth
DEV096_XAM,0,1.018181818181818,1.221262839907586,erratic
DEV096_XDD,15,1.0,0.18044618231964005,smooth
DEV096_XDG,0,1.0,0.9518670334966342,erratic
DEV096_XNG,26,1.0,0.7991681698245408,erratic
DEV098/DRB098_CAM,0,1.0769230769230769,0.860387923764547,erratic
DEV098/DRB098_DEN,0,1.0,0.27356484834123984,smooth
DEV098/DRB098_HOD,0,1.2727272727272727,0.4075171467764059,smooth
DEV098/DRB098_HOG,0,1.0,0.3031696365881847,smooth
DEV098/DRB098_KEL,27,1.0,0.28795412379827956,smooth
DEV098/DRB098_KEM,0,1.0,0.49566423864030523,smooth
DEV098/DRB098_REU,0,1.0,0.22605868014416344,smooth
DEV098/DRB098_TIM,0,1.0,0.5250978996084019,erratic
DEV098/DRB098_TRG,0,1.0,0.6333776687178253,erratic
DEV098/DRB098_XAM,0,1.0,0.9279096763699008,erratic
DEV098/DRB098_XDG,0,1.1914893617021276,0.4477836213373405,smooth
DEV098/DRB098_XMN,0,1.0769230769230769,0.6266511830454345,erratic
DEV099_CAM,0,1.0,0.3837086444953963,smooth
DEV099_DEN,0,1.0,0.20298824627029205,smooth
DEV099_DOD,0,2.9473684210526314,0.36892361111111116,intermittent
DEV099_DOO,0,1.018181818181818,0.599489795918367,erratic
DEV099_HOD,0,1.302325581395349,0.4671556122448977,smooth
DEV099_HOG,0,1.0,0.3244417492027896,smooth
DEV099_KEM,0,1.037037037037037,0.5602757828210285,erratic
DEV099_NAU,5,1.0851063829787233,0.38061379371920695,smooth
DEV099_REU,0,1.0,0.3082406912640593,smooth
DEV099_TRG,0,2.5454545454545454,1.3413729128014844,lumpy
DEV099_VAG,34,1.8333333333333333,0.4387755102040813,intermittent
DEV099_XAL,27,1.0357142857142858,0.48624155544570774,smooth
DEV099_XAM,0,1.0,0.33703496481533596,smooth
DEV099_XDL,0,2.0,0.4103643489621134,intermittent
DEV099_XMN,0,1.018181818181818,0.7380557253908642,erratic
DEV099_XNH,0,2.6666666666666665,1.343915343915344,lumpy
DEV102_DEN,0,1.0,0.30670054924954326,smooth
DEV102_NAU,0,1.0,0.22024691358024676,smooth
DEV102_XNH,1,1.0,0.3222369025735294,smooth
DEV105/DRB022_DEN,0,1.0,0.5520887262216881,erratic
DEV105/DRB022_DOO,0,5.090909090909091,0.0694444444444446,intermittent
DEV105/DRB022_KEM,0,1.3658536585365855,0.5492665816326527,lumpy
DEV105/DRB022_TRG,0,1.0980392156862746,0.7207107688423178,erratic
DEV105/DRB022_XAM,0,1.8064516129032258,1.0658059142024157,lumpy
DEV105/DRB022_XMN,3,7.571428571428571,0.09375000000000011,intermittent
DEV105/DRB022_XNH,1,27.5,0.0,intermittent
DEV106/DRB106_DEN,0,1.018181818181818,0.8012066303522567,erratic
DEV106/DRB106_DOO,1,1.25,1.288966196786583,erratic
DEV106/DRB106_HOG,2,1.35,0.7674536043428858,lumpy
DEV106/DRB106_TRG,0,1.018181818181818,0.7604578563995836,erratic
DEV106/DRB106_XAM,1,1.0377358490566038,0.69812616539161,erratic
DEV106/DRB106_XDD,1,1.3095238095238095,0.8527942925089178,erratic
DEV107/DRB107_DEN,0,1.018181818181818,0.24478415749334353,smooth
DEV107/DRB107_HOG,0,1.018181818181818,0.3965858862978206,smooth
DEV107/DRB107_KEM,0,1.3658536585365855,0.4003744834710741,intermittent
DEV107/DRB107_TIL,0,1.2444444444444445,0.9472607742878018,erratic
DEV107/DRB107_TRG,0,1.1428571428571428,1.0243689405188228,erratic
DEV107/DRB107_XAM,0,1.0,0.35512387408130597,smooth
DEV107/DRB107_XDL,32,1.0434782608695652,0.7492760249961895,erratic
DEV108_HOD,0,1.0980392156862746,0.18287863285560343,smooth
DEV108_HOL,0,1.0769230769230769,0.24954927884615374,smooth
DEV108_XAM,0,1.0,0.2240236744719594,smooth
DEV108_XDG,0,1.0566037735849056,0.2338531606058062,smooth
DEV108_XLC,11,1.0,0.2454279572805494,smooth
DEV108_XNH,0,1.0,0.2192396338296397,smooth
DEV109_DEN,0,1.0,0.4166358024691356,smooth
DEV109_DOD,0,1.12,0.618239131113261,erratic
DEV109_HOD,29,1.0,0.43675041030172956,smooth
DEV109_HOG,9,1.0217391304347827,0.653587827163459,erratic
DEV109_HOL,1,1.25,1.8185639958376687,erratic
DEV109_KEM,1,1.1224489795918366,1.0456190556350478,erratic
DEV109_TIM,0,1.037037037037037,0.8566557133114268,erratic
DEV109_TRG,26,1.0,0.6250087516628156,erratic
DEV109_XAD,30,1.0,0.3746281975014873,smooth
DEV109_XAM,0,1.018181818181818,0.37757275552140046,smooth
DEV109_XNG,41,1.0,0.14949571118861363,smooth
DEV109_XNH,0,1.1914893617021276,0.5367732688345426,erratic
DEV110_DEN,0,1.018181818181818,0.3785619267660856,smooth
DEV110_DOD,0,1.0980392156862746,0.5268249511718749,erratic
DEV110_HOG,29,1.0,0.2661574521791865,smooth
DEV110_HOL,0,1.0566037735849056,1.5028195870015013,erratic
DEV110_KEM,1,1.1224489795918366,0.8607594936708861,erratic
DEV110_XAM,0,1.0,0.50320536314534,erratic
DEV110_XDG,29,1.2857142857142858,0.5107015457788346,erratic
DEV110_XLC,29,1.08,0.6457100591715975,erratic
DEV111_DEN,15,1.0,0.1387449134040132,smooth
DEV111_NAU,15,1.0,0.11103614999718896,smooth
DEV111_XAM,15,1.0,0.13741348925691224,smooth
DEV111_XNH,15,1.0512820512820513,0.34653366183923234,smooth
DEV114_DEN,18,1.027027027027027,0.3946474488523491,smooth
DEV114_NAU,20,1.0,0.409581548304829,smooth
DEV115_DEN,36,1.0,0.5714880528795301,erratic
DEV115_XAM,35,1.0,0.5476684832591032,erratic
DEV115_XNH,35,1.0,0.4485323962852741,smooth
DEV116_DEN,36,1.0,0.31610918877354854,smooth
DEV116_XAL,43,2.6,0.11111111111111122,intermittent
DEV116_XAM,37,1.0,0.2713250405624661,smooth
DEV116_XNH,37,1.0,0.324088888888889,smooth
DEV120_DEN,31,1.0416666666666667,0.2896445841988161,smooth
DEV120_DOO,30,1.0,0.3826011198293387,smooth
DEV120_HOG,30,1.0,0.3500943672781049,smooth
DEV120_NAU,30,1.04,0.250651023820619,smooth
DEV120_TRG,30,1.0,0.7873594290657439,erratic
DEV120_XDL,31,1.0416666666666667,0.1894862087614924,smooth
DEV120_XNH,41,1.0,0.22023809523809537,smooth
DEV122/DRB122_DEN,36,1.0,0.6697891680343391,erratic
DEV122/DRB122_DOO,36,1.0,0.18247701460248789,smooth
DEV122/DRB122_HOG,36,1.0,0.3115514442526219,smooth
DEV122/DRB122_TRG,36,1.0,0.1788646086252746,smooth
DLP070/DRB070_DEN,0,1.0,0.6142659279778397,erratic
DLP070/DRB070_HOG,0,1.9310344827586208,0.883116883116883,lumpy
DLP070/DRB070_REL,0,1.6470588235294117,1.0103375362205338,lumpy
DLP070/DRB070_XAM,0,1.0566037735849056,0.9141115311909259,erratic
DLP070/DRB070_XNH,0,1.12,0.8892647550258256,erratic
DPC005_DEN,0,1.8666666666666667,0.6970414201183435,lumpy
DPC005_DOO,26,30.0,0.0,intermittent
DPC005_HOG,0,1.696969696969697,0.9766252739225715,lumpy
DPC005_TRG,0,11.2,0.0,intermittent
DPC005_XNG,2,18.0,0.0,intermittent
DPC005_XNH,0,1.435897435897436,0.7429629629629635,lumpy
DPL009/DRB041_DEN,0,2.9473684210526314,0.2666666666666666,intermittent
DPL009/DRB041_DOD,14,21.0,0.1111111111111111,intermittent
DPL009/DRB041_DOO,0,5.090909090909091,0.4032921810699589,intermittent
DPL009/DRB041_XAM,1,7.857142857142857,0.5399999999999999,lumpy
DPL009/DRB041_XDD,28,28.0,0.0,intermittent
DPL009/DRB041_XMN,0,2.9473684210526314,0.9626825310978908,lumpy
DPL009/DRB041_XNH,1,3.0555555555555554,0.5999999999999999,lumpy
DPL010/DRB047_DEN,0,4.3076923076923075,0.21453287197231838,intermittent
DPL010/DRB047_DOD,13,10.75,0.061224489795918366,intermittent
DPL010/DRB047_HOG,0,4.0,0.5399999999999999,lumpy
DPL010/DRB047_KEM,2,13.5,0.12,intermittent
DPL010/DRB047_TRG,0,18.666666666666668,0.0,intermittent
DPL010/DRB047_XAM,1,9.166666666666666,0.0,intermittent
DPL010/DRB047_XDG,2,27.0,0.0,intermittent
DPL010/DRB047_XMN,13,10.75,0.0,intermittent
DPL015/DRB067_CAM,1,2.75,0.16527942925089187,intermittent
DPL015/DRB067_DEN,0,4.3076923076923075,0.6913265306122449,lumpy
DPL015/DRB067_DOD,2,27.0,0.1111111111111111,intermittent
DPL015/DRB067_DOO,0,1.8064516129032258,0.9576382216787493,lumpy
DPL015/DRB067_REU,0,5.090909090909091,0.2222222222222221,intermittent
DPL015/DRB067_TRG,0,5.6,0.07438016528925608,intermittent
DPL015/DRB067_XAD,2,54.0,0.0,intermittent
DPL015/DRB067_XAM,0,8.0,0.2148760330578513,intermittent
DPL015/DRB067_XDG,1,3.0555555555555554,0.39612188365650963,intermittent
DPL058/DRB058_DEN,23,1.0,0.88975343198034,erratic
DPL058/DRB058_HOG,0,1.018181818181818,0.4969271290605793,smooth
DPL058/DRB058_XAM,0,1.6470588235294117,0.9031383392842759,lumpy
DPL058/DTR058_CAM,43,1.0,0.23153491926240213,smooth
DPL058/DTR058_DEN,0,1.0,0.8566131253431318,erratic
DPL058/DTR058_DOO,0,1.0,0.880925490674888,erratic
DPL058/DTR058_XAM,43,1.0,0.24766880875650701,smooth
DPL058/DTR058_XDG,0,1.018181818181818,1.0576788084763313,erratic
DPL058/DTR058_XMN,43,1.0,0.2469310101410098,smooth
DPL058/DTR058_XNH,0,1.0,1.0944509421702404,erratic
DPL068_DEN,0,1.0,0.9220105969358834,erratic
DPL068_DOO,0,1.018181818181818,0.755872638393447,erratic
DPL068_HOG,0,2.3333333333333335,0.3584905660377357,intermittent
DPL068_KEM,0,14.0,0.0,intermittent
DPL068_TIM,3,7.571428571428571,0.09375000000000011,intermittent
DPL068_TRG,0,1.5135135135135136,1.032322030537379,lumpy
DPL068_VAG,43,1.0833333333333333,0.19418072536028944,smooth
DPL068_XAM,0,2.074074074074074,0.3608,intermittent
DPL068_XDG,32,2.0,0.10204081632653039,intermittent
DPL068_XNH,0,1.0,1.157821285167456,erratic
DPL070/DRB070_DEN,0,2.8,0.4222222222222223,intermittent
DPL070/DRB070_NAD,3,6.625,0.0,intermittent
DPL070/DRB070_NAU,5,6.375,0.1111111111111111,intermittent
DPL070/DRB070_XAM,3,8.833333333333334,0.1999999999999999,intermittent
DPL070/DRB070_XNH,0,8.0,0.09375000000000011,intermittent
DPL072/DRB072_CAM,1,3.235294117647059,0.3613281249999999,intermittent
DPL072/DRB072_DEN,1,5.0,0.6011342155009454,lumpy
DPL072/DRB072_DOD,2,4.909090909090909,0.10650887573964475,intermittent
DPL072/DRB072_XNH,28,28.0,0.0,intermittent
DPL077/DRB077_CAM,16,20.0,0.0,intermittent
DPL077/DRB077_DEN,0,1.0,0.7048133852446486,erratic
DPL077/DRB077_HOG,3,4.076923076923077,0.09777777777777796,intermittent
DPL077/DRB077_KEM,0,2.5454545454545454,0.9658203125,lumpy
DPL077/DRB077_REU,2,27.0,0.0,intermittent
DPL077/DRB077_TIM,0,2.5454545454545454,0.7818877551020408,lumpy
DPL077/DRB077_TRG,0,4.0,0.2022160664819944,intermittent
DPL077/DRB077_XAM,0,1.0,1.0580653763582624,erratic
DPL077/DRB077_XDG,5,10.2,0.12244897959183697,intermittent
DPL077/DRB077_XNH,0,4.0,0.7013888888888891,lumpy
DPL082/DRB090_BAC,15,8.2,0.0,intermittent
DPL082/DRB090_DEN,0,1.0,0.7544735469059795,erratic
DPL082/DRB090_DOD,0,3.7333333333333334,0.5495867768595044,lumpy
DPL082/DRB090_DOG,0,1.8666666666666667,0.6242199359082472,lumpy
DPL082/DRB090_DOO,0,7.0,0.12396694214876033,intermittent
DPL082/DRB090_HOG,1,2.037037037037037,0.3163265306122448,intermittent
DPL082/DRB090_KEM,0,1.5135135135135136,1.7429333333333334,lumpy
DPL082/DRB090_TIM,2,3.0,0.2248520710059171,intermittent
DPL082/DRB090_TRG,0,1.0,1.0441522603684765,erratic
DPL082/DRB090_XAD,3,26.5,0.0,intermittent
DPL082/DRB090_XAM,0,1.0769230769230769,1.207901596199872,erratic
DPL082/DRB090_XDG,29,27.0,0.0,intermittent
DPL082/DRB090_XNH,0,1.2727272727272727,1.856076817558299,erratic
DPL086/DRB038_CAM,0,1.1428571428571428,0.6309171597633135,erratic
DPL086/DRB038_DOO,0,1.0,0.3110384165917276,smooth
DPL086/DRB038_NAU,0,5.090909090909091,0.49307479224376716,intermittent
DPL086/DRB038_VAG,3,26.5,0.0,intermittent
DPL086/DRB038_XAD,16,20.0,0.0,intermittent
DPL086/DRB038_XAL,13,10.75,0.0,intermittent
DPL086/DRB038_XAM,0,1.12,0.6505040543502084,erratic
DPL086/DRB038_XDG,0,1.2173913043478262,0.5857884911938964,erratic
DPL086/DRB038_XMN,0,1.018181818181818,0.3647607513721042,smooth
DPL086/DRB038_XNH,0,2.8,1.548476454293629,lumpy
DPL095/DRB095_CAM,0,1.018181818181818,0.7293426531826296,erratic
DPL095/DRB095_DEN,2,1.0188679245283019,0.6100981569098225,erratic
DPL095/DRB095_TRG,2,1.2857142857142858,0.4542344674556211,smooth
DPL095/DRB095_XAM,0,1.0980392156862746,1.0769833962735245,erratic
DPL095/DRB095_XDG,0,1.0,0.591993407033982,erratic
DPL095/DRB095_XMN,0,1.8666666666666667,0.6285714285714283,lumpy
DPL100/DRB100_DEN,0,1.0,0.3208071244356215,smooth
DPL100/DRB100_HOG,29,1.0384615384615385,0.2208035062089117,smooth
DPL100/DRB100_KED,0,1.0566037735849056,1.7422148612045614,erratic
DPL100/DRB100_KEM,12,1.0,0.4681787012114622,smooth
DPL100/DRB100_TIM,1,1.71875,0.8467623907282149,lumpy
DPL100/DRB100_TRG,0,1.0,0.3542173012872446,smooth
DPL100/DRB100_XAL,0,1.1914893617021276,0.8691555840410194,erratic
DPL100/DRB100_XAM,0,1.0,0.5942346885534971,erratic
DPL100/DRB100_XDG,0,1.018181818181818,1.76797783933518,erratic
DPL100/DRB100_XNH,29,1.0,0.6667176172591496,erratic
DPU001_DEN,0,1.0,0.3986608566266344,smooth
DPU001_NAU,0,1.0,0.3406131049961656,smooth
DPU0161_CAM,0,2.074074074074074,0.39792899408284044,intermittent
DPU0161_DEN,2,3.0,1.4244897959183673,lumpy
DPU0161_DOO,1,3.4375,0.5616,lumpy
DPU0161_HOG,31,2.5,0.5570934256055365,lumpy
DPU01_DEN,0,1.0769230769230769,0.5984023807659179,erratic
DPU01_NAU,0,1.0769230769230769,0.4689999999999999,smooth
DPU044_DEN,0,1.12,0.885613556375227,erratic
DPU044_DOO,0,3.5,0.19727891156462585,intermittent
DPU044_HOG,0,1.037037037037037,1.0649035420387247,erratic
DPU044_HOL,33,1.0454545454545454,0.5587586144768256,erratic
DPU044_KEM,0,1.018181818181818,0.7276680108241921,erratic
DPU044_NAU,0,1.9310344827586208,0.24592592592592583,intermittent
DPU044_TRG,6,1.6129032258064515,0.4384000000000001,intermittent
DPU044_XDG,0,1.696969696969697,0.49870242214532867,intermittent
DPU044_XMN,3,17.666666666666668,0.12500000000000006,intermittent
DPU048_DEN,2,1.2857142857142858,0.6253667491681555,erratic
DPU048_NAU,2,3.0,0.4378698224852071,intermittent
DPU054_DEN,0,1.0566037735849056,0.773497917906008,erratic
DPU054_NAU,0,1.0,0.8459618558139917,erratic
DPU062_DEN,0,1.0566037735849056,0.6919422030399702,erratic
DPU062_NAU,1,7.857142857142857,0.09375000000000011,intermittent
DPU062_REU,0,1.3333333333333333,0.38271604938271575,intermittent
DPU062_TRG,1,2.619047619047619,1.1861986912552054,lumpy
DPU062_XAM,0,1.037037037037037,2.0182659734600272,erratic
DPU062_XDG,32,1.0434782608695652,1.7736226135142086,erratic
DPU062_XNH,0,1.2173913043478262,1.2454226981294203,erratic
DPU064_DEN,0,1.0566037735849056,0.5810266057511424,erratic
DPU064_NAU,0,1.1666666666666667,0.41223140495867766,smooth
DPU064_REU,13,43.0,0.0,intermittent
DPU090_DEN,0,1.3658536585365855,1.4373854480374324,lumpy
DPU090_NAU,1,2.2,0.42381656804733714,intermittent
DPU090_TRG,0,4.0,0.4,intermittent
DPU090_VAG,0,56.0,0.0,intermittent
DPU090_XAM,0,1.3658536585365855,1.6797790121965943,lumpy
DPU090_XDG,3,5.3,1.1979591836734695,lumpy
DPU090_XNH,0,1.6,0.7667470231572795,lumpy
DPU091_DEN,0,1.0,0.408999981685019,smooth
DPU091_NAD,0,1.75,0.824,lumpy
DPU091_NAL,20,18.0,0.0,intermittent
DPU091_NAU,0,1.0,0.5710833891698659,erratic
DPU094_DEN,2,3.857142857142857,0.11418685121107276,intermittent
DPU094_DOO,0,1.6470588235294117,0.35812672176308535,intermittent
DPU094_VAG,2,3.375,0.2,intermittent
DPU094_XDG,0,1.9310344827586208,0.5245619074978459,lumpy
DPU118_CAM,1,1.1702127659574468,0.5205161536710217,erratic
DPU118_DEN,0,1.0,0.8178961410804437,erratic
DPU118_DOO,0,1.0,0.4637657983700149,smooth
DPU118_XAM,0,1.0566037735849056,0.8917644239671492,erratic
DPU118_XDG,0,1.0,0.438320838475566,smooth
DPU118_XMN,13,1.131578947368421,0.37731943242124255,smooth
DPU118_XNH,0,1.018181818181818,1.008381531222429,erratic
DPU211_DEN,0,1.1428571428571428,0.762866385648466,erratic
DPU211_NAD,0,1.1666666666666667,1.5044962658131382,erratic
DPU211_NAU,0,56.0,0.0,intermittent
DPU248_CAM,1,27.5,0.0,intermittent
DPU248_DOO,1,4.583333333333333,0.5555555555555556,lumpy
DPU254_DEN,2,2.0,0.5656804733727812,lumpy
DPU254_HOG,0,1.5135135135135136,1.1267962806424343,lumpy
DPU254_TRG,0,1.6,0.5814814814814813,lumpy
DPU254_XNH,3,13.25,0.12,intermittent
DPU2569_DEN,0,1.75,1.2407357639822032,lumpy
DPU2569_KEM,0,2.6666666666666665,0.425207756232687,intermittent
DPU2569_NAU,8,16.0,0.0,intermittent
DPU2569_XAD,2,5.4,0.12426035502958563,intermittent
DPU261_DEN,0,1.0,1.27,erratic
DPU261_NAU,0,1.018181818181818,0.5089026162790695,erratic
DPU276_DEN,0,1.0769230769230769,0.4289552170844433,smooth
DPU276_NAL,2,3.857142857142857,0.057777777777777796,intermittent
DPU276_NAU,0,1.0566037735849056,0.6258206594224625,erratic
DPU280_CAM,0,1.6470588235294117,1.0391503540191587,lumpy
DPU280_DOO,2,4.153846153846154,0.11718749999999985,intermittent
DPU280_HOG,0,1.0,1.018172321794081,erratic
DPU280_TRG,0,1.2727272727272727,1.4851427910741124,erratic
DPU280_VAG,34,11.0,0.0,intermittent
DPU282_DOO,0,5.6,0.5570934256055365,lumpy
DPU282_HOG,0,1.435897435897436,0.42445213379469415,intermittent
DPU282_TRG,0,1.75,0.37276134943773426,intermittent
DPU282_XDG,2,6.0,0.07999999999999981,intermittent
DPU282_XNG,0,1.8666666666666667,0.4631541473834105,intermittent
DPU284_DEN,0,1.0,0.43950689554243216,smooth
DPU284_DOD,3,3.533333333333333,0.054687499999999965,intermittent
DPU284_DOO,1,27.5,0.0,intermittent
DPU284_NAD,28,28.0,0.0,intermittent
DPU284_NAU,0,1.0980392156862746,0.7592275267130673,erratic
DPU284_REU,0,1.1428571428571428,0.5636358805399088,erratic
DPU284_XAM,0,1.0,0.4934079999999999,smooth
DPU296/DRB081_CAM,10,23.0,0.0,intermittent
DPU296/DRB081_DEN,0,2.24,0.3313609467455621,intermittent
DPU296/DRB081_NAU,0,2.8,0.6537775133848901,lumpy
DPU296/DRB081_REU,3,26.5,0.0,intermittent
DPU296/DRB081_XAM,32,24.0,0.0,intermittent
DPU296/DRB081_XDG,3,53.0,0.0,intermittent
DPU298_DEN,0,1.0769230769230769,0.5585161324206511,erratic
DPU298_KEM,0,1.0980392156862746,0.7912442787942064,erratic
DPU304_DEN,0,1.1914893617021276,0.9671819262782402,erratic
DPU304_HOG,0,1.9310344827586208,1.1130420918367345,lumpy
DPU304_NAU,2,2.7,1.5552086946467798,lumpy
DPU304_XAM,0,1.8666666666666667,1.1203155818540433,lumpy
DPU304_XLC,1,11.0,0.11111111111111122,intermittent
DPU314_DEN,1,1.4102564102564104,0.777427092538821,lumpy
DPU314_DOO,0,1.018181818181818,0.8803302750646363,erratic
DPU314_VAG,0,1.0980392156862746,1.1422078741861599,erratic
DPU314_XAM,42,1.0769230769230769,0.23102040816326522,smooth
DPU314_XDG,23,1.1379310344827587,1.0407851239669421,erratic
DPU314_XMN,26,1.0344827586206897,0.5305344038915988,erratic
DPU324_DEN,0,1.2173913043478262,0.6715234463776167,erratic
DPU324_NAU,0,1.5555555555555556,0.4480151228733458,intermittent
DPU345_DEN,33,1.0,0.7266346292315815,erratic
DPU345_NAU,32,1.0,0.4327246165084004,smooth
DPU347_DEN,3,8.833333333333334,0.33333333333333326,intermittent
DPU347_DOO,0,1.4736842105263157,2.0190438405078353,lumpy
DPU347_HOG,0,2.074074074074074,2.4274081555359173,lumpy
DPU347_TRG,0,4.666666666666667,1.085677874718165,lumpy
DPU347_XNG,3,10.6,0.32653061224489816,intermittent
DPU358_DEN,0,1.12,1.0001046404782068,erratic
DPU358_HOL,1,1.1458333333333333,1.2203604597426994,erratic
DPU358_KEM,1,1.1,1.042236763831053,erratic
DPU358_XNG,41,1.0,0.35290851034291243,smooth
DRB004_DEN,3,17.666666666666668,0.0,intermittent
DRB004_HOG,1,18.333333333333332,0.12500000000000006,intermittent
DRB004_XNG,3,26.5,0.1111111111111111,intermittent
DRB016_DEN,1,2.619047619047619,0.3806228373702423,intermittent
DRB016_DOO,0,1.1666666666666667,0.7287886938236591,erratic
DRB016_HOG,0,1.018181818181818,0.6462819355670577,erratic
DRB016_TIM,17,1.0,0.8388789392654034,erratic
DRB016_TRG,0,1.0,1.117714135344941,erratic
DRB016_XAM,0,1.2444444444444445,0.746543493086986,erratic
DRB016_XDG,0,1.018181818181818,0.38319895239544083,smooth
DRB016_XNH,0,1.3658536585365855,2.0164554637281906,lumpy
DRB021_CAM,0,1.1914893617021276,0.5170762182423988,erratic
DRB021_DEN,0,1.0,0.4337305140025664,smooth
DRB021_NAU,0,1.0,0.3249015873015873,smooth
DRB021_REU,0,1.0566037735849056,0.8311524334251608,erratic
DRB021_XAD,2,3.176470588235294,0.31758034026465,intermittent
DRB021_XAL,3,6.625,0.12396694214876033,intermittent
DRB021_XAM,0,1.0,0.27787899690659346,smooth
DRB021_XMN,0,1.037037037037037,0.7043546009855384,erratic
DRB021_XNH,0,1.0,0.5259970863683666,erratic
DRB034_CAM,0,1.1666666666666667,1.4066296505021199,erratic
DRB034_DEN,0,8.0,0.12345679012345664,intermittent
DRB034_DOO,0,1.0,0.7656662372986093,erratic
DRB034_HOG,31,1.0,1.0370100050498674,erratic
DRB034_NAU,0,1.9310344827586208,0.40792875610456797,intermittent
DRB034_TIM,31,1.0,0.8599473694246866,erratic
DRB034_TRG,0,1.1428571428571428,4.068385304885748,erratic
DRB034_VAG,23,1.03125,0.657125269313635,erratic
DRB034_XAM,0,1.0,0.622791610079976,erratic
DRB034_XDG,0,1.1428571428571428,1.4534027777777776,erratic
DRB034_XMN,0,1.0566037735849056,1.0861232537019871,erratic
DRB034_XNH,14,2.8,0.32592592592592595,intermittent
DRB042_DEN,0,1.037037037037037,0.7654114792759711,erratic
DRB042_DOO,0,1.0980392156862746,0.4508382909680909,smooth
DRB042_HOG,0,1.0,0.713722783046248,erratic
DRB042_KEM,0,1.0566037735849056,1.0526257131712167,erratic
DRB042_NAU,0,1.12,0.5382877066115702,erratic
DRB042_TRG,0,1.018181818181818,1.3003921440941308,erratic
DRB042_XDG,0,7.0,0.12,intermittent
DRB042_XMN,0,11.2,0.0,intermittent
DRB042_XNG,0,1.8064516129032258,0.18491735537190063,intermittent
DRB042_XNH,0,1.018181818181818,0.7027487721197306,erratic
DRB054_CAM,1,55.0,0.0,intermittent
DRB054_DEN,2,18.0,0.12500000000000006,intermittent
DRB054_DOO,0,8.0,0.0,intermittent
DRB054_HOG,2,54.0,0.0,intermittent
DRB054_HOL,1,9.166666666666666,0.0,intermittent
DRB054_TRG,42,7.0,0.0,intermittent
DRB054_XDG,0,18.666666666666668,0.0,intermittent
DRB057_DEN,0,1.0,0.4449473459296116,smooth
DRB057_DOO,2,1.6363636363636365,1.23226317875545,lumpy
DRB057_REU,0,1.6470588235294117,1.1225415336202513,lumpy
DRB057_TRG,28,2.3333333333333335,0.2345679012345679,intermittent
DRB057_XAM,0,1.302325581395349,0.8168724033476609,erratic
DRB057_XDL,26,1.3043478260869565,0.8839111328125002,erratic
DRB057_XNH,0,1.0,0.3672210296877089,smooth
DRB060_CAM,2,1.8620689655172413,0.614757808963332,lumpy
DRB060_DEN,0,1.9310344827586208,2.3524130190796857,lumpy
DRB060_DOO,0,1.12,0.682237091276354,erratic
DRB060_VAG,0,1.3658536585365855,0.4620877114690251,intermittent
DRB060_XAM,0,1.018181818181818,0.6710710979724687,erratic
DRB060_XDG,0,1.6,0.6876220703125002,lumpy
DRB060_XMN,0,1.6470588235294117,1.4007010006218557,lumpy
DRB060_XNH,0,1.1914893617021276,1.199264467279611,erratic
DRB071_DEN,0,1.3333333333333333,1.4272189349112419,lumpy
DRB071_KEM,27,1.0740740740740742,0.6291810841983851,erratic
DRB071_NAU,8,6.857142857142857,0.0,intermittent
DRB071_TRG,13,1.4333333333333333,1.0186666666666668,lumpy
DRB073_DEN,0,2.24,1.7215942891136233,lumpy
DRB073_TRG,2,18.0,0.3199999999999998,intermittent
DRB073_XAM,3,26.5,0.0,intermittent
DRB080_CAM,0,1.1428571428571428,1.0363060208239019,erratic
DRB080_DEN,0,1.0,1.1600933912803268,erratic
DRB080_DOO,0,1.037037037037037,0.8309485832238694,erratic
DRB080_NAU,0,1.018181818181818,0.6662038123237366,erratic
DRB080_REU,0,2.0,0.5178777393310267,lumpy
DRB080_TRG,0,1.3333333333333333,1.3289547757553013,lumpy
DRB080_XAM,0,1.0,0.3898810374903484,smooth
DRB080_XDG,0,1.2173913043478262,1.0740766894993292,erratic
DRB080_XMN,0,1.0,1.1021751478499113,erratic
DRB080_XNH,0,1.0,0.5184678860609812,erratic
DRB088_CAM,0,1.0,0.1982992262507235,smooth
DRB088_DEN,11,2.5,0.10204081632653039,intermittent
DRB088_DOG,0,1.1914893617021276,0.3350587047090016,smooth
DRB088_DOO,0,1.018181818181818,0.23469104315547595,smooth
DRB088_TRG,0,1.6470588235294117,0.5160706201901313,lumpy
DRB088_VAG,0,1.1666666666666667,0.44856679286100565,smooth
DRB088_XDG,0,1.0,0.2979937677252196,smooth
DRB088_XLC,1,1.8333333333333333,0.26301493888637395,intermittent
DRB088_XMN,0,1.0980392156862746,0.3068312757201646,smooth
DRB097_DEN,0,1.0,1.6003819274452373,erratic
DRB097_HOG,0,1.037037037037037,1.5323707885521074,erratic
DRB097_HOL,0,4.3076923076923075,0.5124490719782708,lumpy
DRB097_TRG,0,1.8064516129032258,1.5565432098765435,lumpy
DRB102_DEN,2,2.0,0.29333333333333317,intermittent
DRB102_HOG,0,1.3333333333333333,0.6821685969378607,lumpy
DRB102_TRG,2,4.909090909090909,0.10650887573964475,intermittent
DRB102_XAM,0,1.4736842105263157,1.2467105263157894,lumpy
DRB102_XNH,0,1.2444444444444445,0.5487859211405657,erratic
DRB104_DEN,21,1.0,0.9460221510000405,erratic
DRB104_NAU,1,1.5277777777777777,0.34945830183925414,intermittent
DRB104_XNH,22,1.0303030303030303,0.7275113702267942,erratic
DRB105_DEN,0,1.018181818181818,0.34801211268251464,smooth
DRB105_NAD,3,4.818181818181818,0.0,intermittent
DRB105_NAU,0,1.018181818181818,0.48934070798820184,smooth
DRB105_XNH,20,1.0588235294117647,0.29080891422932503,smooth
DRB108_KEM,0,1.4736842105263157,0.3480621133695239,intermittent
DRB109_CAM,0,1.5555555555555556,0.6836734693877546,lumpy
DRB109_DEN,14,1.105263157894737,0.39432783207819266,smooth
DRB109_TRG,14,1.3548387096774193,0.3573964497041421,intermittent
DRB109_XDG,14,1.2727272727272727,0.35399570761267524,smooth
DRB109_XMN,0,1.696969696969697,0.5583333333333335,lumpy
DRB111_DEN,31,1.0,0.47974839845469236,smooth
DRB111_TRG,32,1.0,0.7271352985638699,erratic
DRB111_XAM,42,1.0,0.3751479289940828,smooth
DRB111_XNH,31,1.0,0.1874479189509232,smooth
DRE303_CAM,0,1.6470588235294117,0.7069387755102045,lumpy
DRE303_DEN,0,1.0,0.7307717590662004,erratic
DRE303_DOO,0,1.3658536585365855,1.6644725851181124,lumpy
DRE303_HOG,0,1.018181818181818,1.6672240802675582,erratic
DRE303_KEL,0,1.8666666666666667,2.3243379996626743,lumpy
DRE303_KEM,0,1.0769230769230769,1.180615209804399,erratic
DRE303_NAU,0,1.0,0.577891169916802,erratic
DRE303_TIM,0,1.12,2.1871193935152173,erratic
DRE303_TRG,0,1.0,1.17214308793833,erratic
DRE303_XDG,0,1.2173913043478262,2.4722208045402123,erratic
DRE303_XDL,0,1.2444444444444445,1.8785123966942143,erratic
DRE303_XLC,2,4.153846153846154,0.09777777777777796,intermittent
DRE303_XNG,0,1.0980392156862746,1.486034164358264,erratic
DRE303_XNH,0,1.0769230769230769,0.42939932649385265,smooth
DTP0038_DEN,0,1.6,1.0857142857142859,lumpy
DTP0038_KEM,0,2.8,1.1715913136347453,lumpy
DTP0038_NAU,0,1.75,0.5816857440166493,lumpy
DTP0610_CAM,13,21.5,0.0,intermittent
DTP0610_DEN,0,1.0,0.39581297448234287,smooth
DTP0610_DOO,3,26.5,0.0,intermittent
DTP0610_HOG,0,1.9310344827586208,0.29968311453146235,intermittent
DTP0610_KEM,0,1.1666666666666667,0.377711645391182,smooth
DTP0610_NAU,0,1.0,0.41906150141331583,smooth
DTP0610_TIM,0,1.75,0.18518518518518517,intermittent
DTP0610_TRG,0,1.8064516129032258,0.6531207133058987,lumpy
DTP0610_XDG,0,1.0980392156862746,0.4004509191814085,smooth
DTP0610_XLC,14,21.0,0.0,intermittent
DTP0610_XMN,18,38.0,0.0,intermittent
DTP0610_XNH,0,1.696969696969697,0.2727272727272727,intermittent
DTP0614_DEN,0,2.3333333333333335,0.24567474048442894,intermittent
DTP0614_HOG,1,11.0,0.11111111111111122,intermittent
DTP0614_TRG,17,39.0,0.0,intermittent
DTP0641_DEN,0,2.4347826086956523,0.7987100241870467,lumpy
DTP0641_NAU,1,5.5,0.11111111111111122,intermittent
DTP0641_XNH,0,2.24,0.5800000000000001,lumpy
DTP0646_DEN,2,1.7419354838709677,1.711548524735338,lumpy
DTP0646_KEM,8,1.6551724137931034,0.8911232404481475,lumpy
DTP0646_TRG,21,1.3461538461538463,0.5003652300949599,lumpy
DTP0648_DEN,0,1.5555555555555556,0.8763003985300968,lumpy
DTP0648_DOO,0,1.0566037735849056,0.6689361702127661,erratic
DTP0648_HOG,0,1.0,0.47034986845508603,smooth
DTP0648_TIM,0,4.3076923076923075,1.0519848771266542,lumpy
DTP0648_TRG,0,1.0566037735849056,0.7661772853185593,erratic
DTP0648_VAG,0,1.3658536585365855,0.5219669840160711,lumpy
DTP0648_XDG,2,4.909090909090909,0.23469387755102045,intermittent
DTP0648_XLC,12,14.666666666666666,0.0,intermittent
DTP0648_XMN,1,1.8333333333333333,0.15646258503401372,intermittent
DTP0648_XNH,25,1.0689655172413792,1.0381596425552473,erratic
DTP0673_DEN,0,1.0,0.5607758339720694,erratic
DTP0673_HOG,0,1.0,0.357890625,smooth
DTP0673_KEM,0,1.018181818181818,0.6857963326602612,erratic
DTP0673_NAU,2,7.714285714285714,0.0,intermittent
DTP0673_TRG,13,43.0,0.0,intermittent
DTP0673_VAG,0,1.3333333333333333,0.44182706118931375,intermittent
DTP0673_XAD,0,1.5555555555555556,0.3979289940828402,intermittent
DTP0673_XAM,3,4.416666666666667,0.0,intermittent
DTP0673_XNH,0,2.4347826086956523,0.2600438276113951,intermittent
DTP0699_DEN,1,4.583333333333333,0.6193771626297576,lumpy
DTP0699_NAU,0,4.0,0.12345679012345664,intermittent
DTP0703_HOG,0,2.24,0.8639053254437867,lumpy
DTP0703_TRG,1,5.0,0.12244897959183675,intermittent
DTP0722_DEN,0,1.018181818181818,0.7035245470737312,erratic
DTP0722_HOG,0,1.302325581395349,0.38458049886621337,smooth
DTP0722_KEM,0,1.0,0.5655626831247795,erratic
DTP0722_TRG,0,1.8666666666666667,0.3666666666666667,intermittent
DTP0722_VAG,0,1.1666666666666667,0.481373265157049,smooth
DTP0729_DEN,0,1.4736842105263157,0.5123874473866484,lumpy
DTP0729_HOG,0,1.1428571428571428,0.5641255337573531,erratic
DTP0729_TRG,0,1.696969696969697,0.8842592592592594,lumpy
DTP0731_DEN,0,1.2444444444444445,0.6989588048890902,erratic
DTP0731_DOD,1,2.037037037037037,0.21333333333333312,intermittent
DTP0731_NAU,0,1.4,0.41528925619834683,intermittent
DTP0732_DEN,1,1.0784313725490196,0.552553062555726,erratic
DTP0732_DOD,3,1.2926829268292683,0.6027977315689983,erratic
DTP0732_NAU,1,1.1702127659574468,0.8674696412325461,erratic
DTP0732_TRG,3,1.2619047619047619,0.5012093523246443,erratic
DTP0732_XAM,1,1.7741935483870968,0.6420371773206692,lumpy
DTR013_DEN,13,43.0,0.0,intermittent
DTR013_REU,2,18.0,0.0,intermittent
DTR013_XNH,1,27.5,0.0,intermittent
DTR038_CAM,0,4.0,1.0237953599048188,lumpy
DTR038_DEN,0,1.0566037735849056,0.8659799560955537,erratic
DTR038_DOO,0,2.5454545454545454,1.7866666666666664,lumpy
DTR038_KEM,29,27.0,0.0,intermittent
DTR038_NAD,14,1.05,0.390625,smooth
DTR038_NAU,0,1.018181818181818,0.4990956275558352,smooth
DTR038_REU,12,44.0,0.0,intermittent
DTR038_TRG,12,8.8,0.11111111111111122,intermittent
DTR038_XAM,0,1.037037037037037,0.3964866728873385,smooth
DTR038_XNH,0,1.037037037037037,0.5805411777708192,erratic
DTR039_DEN,1,27.5,0.0,intermittent
DTR039_DOO,19,9.25,0.0,intermittent
DTR039_HOG,0,1.2444444444444445,1.5309304380760005,erratic
DTR039_TIM,0,2.5454545454545454,0.7272727272727273,lumpy
DTR039_TRG,0,2.3333333333333335,0.49901380670611445,intermittent
DTR049_CAM,31,1.0,0.520610829085721,erratic
DTR049_DEN,21,7.0,0.0,intermittent
DTR049_DOO,0,1.018181818181818,0.41649427081404333,smooth
DTR049_HOG,24,1.103448275862069,0.7777856888572446,erratic
DTR049_VAG,0,1.435897435897436,0.564541866129168,lumpy
DTR049_XDG,24,1.1428571428571428,0.6996972628819323,erratic
DTR049_XMN,0,1.018181818181818,0.4463876700787624,smooth
DTR049_XNH,11,7.5,0.10204081632653039,intermittent
DTR050_BAC,1,6.875,0.12396694214876033,intermittent
DTR050_DEN,0,1.018181818181818,0.4174231454666963,smooth
DTR050_DOO,0,5.090909090909091,0.26500000000000007,intermittent
DTR050_HOG,0,1.0,0.6615012450180745,erratic
DTR050_HOL,0,1.6470588235294117,0.928979591836735,lumpy
DTR050_TIM,1,6.111111111111111,0.2500000000000001,intermittent
DTR050_TRG,0,1.018181818181818,0.5862627968557784,erratic
DTR050_VAG,0,14.0,0.12,intermittent
DTR050_XDG,2,1.542857142857143,1.5287912362285823,lumpy
DTR050_XMN,8,6.0,0.0,intermittent
DTR055_HOG,0,1.5555555555555556,2.09362752213674,lumpy
DTR055_TRG,0,2.4347826086956523,0.6970486111111112,lumpy
DTR055_XDG,1,2.8947368421052633,0.11342155009451793,intermittent
DTR055_XNH,0,1.696969696969697,0.9571141584417855,lumpy
DTR060_HOG,0,1.0566037735849056,1.0921696795822669,erratic
DTR060_TIL,1,1.5714285714285714,0.7375185368264955,lumpy
DTR060_TRG,0,1.2173913043478262,0.8554468878964328,erratic
DTR060_XDG,0,1.5135135135135136,1.045841209829868,lumpy
DTR060_XDL,0,2.1538461538461537,0.5122576510174653,lumpy
DTR060_XNH,0,4.666666666666667,0.40625000000000006,intermittent
DTR062_DOO,3,26.5,0.0,intermittent
DTR062_REU,36,20.0,0.0,intermittent
DTR062_XAM,3,26.5,0.0,intermittent
DTR062_XNH,1,7.857142857142857,0.0,intermittent
DTR064_DEN,0,1.0,0.8971948008224415,erratic
DTR064_DOO,0,2.074074074074074,1.9063020408163265,lumpy
DTR064_HOG,0,1.0769230769230769,0.7171365356738878,erratic
DTR064_TRG,0,1.1666666666666667,0.6897251851640022,erratic
DTR064_XAM,0,1.0980392156862746,0.6183813443072702,erratic
DTR064_XDG,0,1.8064516129032258,2.3130109045888156,lumpy
DTR064_XNG,0,2.24,2.2326869806094183,lumpy
DTR064_XNH,0,1.018181818181818,0.9038335983757707,erratic
DTR065_CAM,29,1.08,0.3350261618959682,smooth
DTR065_DOO,0,1.8064516129032258,0.49192069176347275,intermittent
DTR065_HOG,15,1.025,0.32653061224489816,smooth
DTR065_VAG,0,1.302325581395349,0.2119673680893527,smooth
DTR065_XDG,15,1.0,0.3600111068392497,smooth
DTR065_XNH,2,18.0,0.12500000000000006,intermittent
DTR066_CAM,2,2.25,3.784929356357928,lumpy
DTR066_DEN,0,1.696969696969697,1.2196594614177028,lumpy
DTR066_DOO,0,1.1666666666666667,2.948443386872893,erratic
DTR066_HOG,0,1.1666666666666667,2.033442330558859,erratic
DTR066_TIM,0,2.9473684210526314,1.2449071978270707,lumpy
DTR066_TRG,0,2.9473684210526314,0.5516495402920499,lumpy
DTR066_VAG,0,4.0,0.09375000000000011,intermittent
DTR066_XAM,0,2.8,0.7469387755102039,lumpy
DTR066_XDG,0,4.666666666666667,0.10204081632653039,intermittent
DTR066_XMN,0,2.6666666666666665,3.3429761122068817,lumpy
DTR066_XNH,0,2.074074074074074,0.6394557823129248,lumpy
DTR067_DEN,2,3.375,0.19727891156462585,intermittent
DTR067_NAU,0,1.8064516129032258,0.5128000000000003,lumpy
DTR067_REU,0,3.2941176470588234,0.3543400713436386,intermittent
DTR067_TRG,13,43.0,0.0,intermittent
DTR067_XNH,3,4.416666666666667,0.2963988919667591,intermittent
DTR068_DOO,0,1.8666666666666667,0.21399176954732496,intermittent
DTR068_HOG,0,1.0980392156862746,1.7275418741512,erratic
DTR068_TRG,0,1.3658536585365855,2.5120330983042938,lumpy
DTR068_XDG,0,9.333333333333334,0.10204081632653039,intermittent
DTR073_DOO,2,13.5,0.0,intermittent
DTR073_HOG,2,9.0,0.0,intermittent
DTR075_HOG,0,1.2173913043478262,1.4736467236467232,erratic
DTR075_TIM,0,1.9310344827586208,1.4083044982698962,lumpy
DTR077_DEN,0,1.0,0.20487367105473253,smooth
DTR077_NAU,0,1.0,0.2585444234404539,smooth
DTR077_XAL,13,1.0238095238095237,0.31494794024445455,smooth
DTR077_XAM,0,1.4,1.0177469135802466,lumpy
DTR077_XNH,0,1.037037037037037,0.4307800123171019,smooth
DTR078_DEN,30,1.04,0.28928199791883447,smooth
DTR079_DOO,1,18.333333333333332,0.0,intermittent
DTR079_XNH,0,2.5454545454545454,0.7942637397852909,lumpy
DTR080_DEN,1,1.5714285714285714,0.6543823105271591,lumpy
DTR080_DOO,1,2.75,0.17969821673525357,intermittent
DTR080_TIM,0,1.6,1.4541580578512399,lumpy
DTR080_XAM,2,5.4,0.12426035502958563,intermittent
DTR080_XDG,0,1.3658536585365855,0.8170731707317074,lumpy
HTP-18-17_XDG,0,28.0,0.0,intermittent
P3000AB_DEN,3,8.833333333333334,0.0,intermittent
P3000AB_TRG,2,7.714285714285714,0.09375000000000011,intermittent
TPR006_DEN,0,1.4,0.5160123966942147,lumpy
TPR006_HOG,0,1.2444444444444445,0.25152354570637103,smooth
TPR006_NAU,0,1.1428571428571428,0.5734122287968441,erratic
TPR006_TIM,6,25.0,0.0,intermittent
TPR006_XDD,0,1.1666666666666667,0.42969028123887504,smooth
TPR006_XDG,0,1.4,0.3812744749021003,intermittent
TPR006_XMN,16,20.0,0.0,intermittent
nan_BAC,0,1.2173913043478262,0.8209345606357831,erratic
nan_CAD,2,27.0,0.0,intermittent
nan_CAL,23,6.6,0.0,intermittent
nan_CAM,0,1.0,0.24447035957240035,smooth
nan_DEN,0,1.0,0.29576735635146884,smooth
nan_DOD,0,1.0,0.48085640916993105,smooth
nan_DOG,0,9.333333333333334,0.0,intermittent
nan_DOO,0,1.0,0.2914948623662348,smooth
nan_HOD,1,1.1,0.39146567717996283,smooth
nan_HOG,0,1.0,0.31086562445821253,smooth
nan_HOL,0,1.0,0.37737793693772376,smooth
nan_KED,0,1.1666666666666667,0.9870405207680134,erratic
nan_KEL,1,13.75,0.0,intermittent
nan_KEM,0,1.0,0.27398998331174185,smooth
nan_NAD,0,1.0,0.44409136060216187,smooth
nan_NAL,0,1.0769230769230769,0.6257609303467431,erratic
nan_NAU,0,1.0,0.2650249922982044,smooth
nan_OOO,0,1.0,10.770135410925343,erratic
nan_REU,0,1.0,0.21342219013143138,smooth
nan_TID,0,1.0,0.5349673816746762,erratic
nan_TIL,0,1.1428571428571428,0.4665972222222223,smooth
nan_TIM,0,1.0,0.18168163913055804,smooth
nan_TRG,0,1.0,0.744174993693618,erratic
nan_VAG,0,1.0,0.5970374679748944,erratic
nan_VAL,6,1.8518518518518519,0.4629362880886426,intermittent
nan_VDB,0,1.018181818181818,0.9108819998587673,erratic
nan_XAD,0,1.037037037037037,1.9648257211025766,erratic
nan_XAL,0,1.4,0.9880624426078972,lumpy
nan_XAM,0,1.0,0.3325236311585987,smooth
nan_XDD,0,1.037037037037037,0.5564968494833678,erratic
nan_XDG,0,1.0,0.1853817381684708,smooth
nan_XDL,0,1.3658536585365855,0.37389770723104054,intermittent
nan_XLC,0,1.0,0.30148543865344984,smooth
nan_XLD,0,1.1666666666666667,0.7551775147928997,erratic
nan_XMN,0,1.12,0.6211734693877554,erratic
nan_XND,0,4.3076923076923075,1.2668121404483237,lumpy
nan_XNG,0,1.018181818181818,0.24593592061182404,smooth
nan_XNH,0,1.0,0.22234312562778386,smooth
nan_nan,3,1.0,0.5650638560102553,erratic
