dataset,kpi,group,n_series,model,frontier_rank,frontier_rank_lo,frontier_rank_hi,best_frontier_share,inv_0.90,inv_0.90_lo,inv_0.90_hi,rel_0.90,rel_0.90_lo,rel_0.90_hi,ref_less_0.90,reached_share_0.90,inv_0.92,inv_0.92_lo,inv_0.92_hi,rel_0.92,rel_0.92_lo,rel_0.92_hi,ref_less_0.92,reached_share_0.92,inv_0.94,inv_0.94_lo,inv_0.94_hi,rel_0.94,rel_0.94_lo,rel_0.94_hi,ref_less_0.94,reached_share_0.94,inv_0.96,inv_0.96_lo,inv_0.96_hi,rel_0.96,rel_0.96_lo,rel_0.96_hi,ref_less_0.96,reached_share_0.96,inv_0.98,inv_0.98_lo,inv_0.98_hi,rel_0.98,rel_0.98_lo,rel_0.98_hi,ref_less_0.98,reached_share_0.98
VNF,units,all,909,empirical,8.2,7.7,8.6,0.0,1.5999885597804129,1.4433663507641392,2.6929657612389897,0.3480232559664693,,,1.0,0.63,2.1843145715988994,1.5108478260306006,3.1217585806317785,0.5573029906079634,0.19291685748503676,0.8359259422981287,1.0,0.965,2.7686405834173833,2.0207957018494946,3.6517391443902167,0.7107920060696629,0.40638110377474507,0.9014154672533448,1.0,1.0,3.35296659523587,2.631524304062401,4.205419376582715,0.5595709460837539,0.42617638850867945,0.725857061647284,1.0,1.0,4.6158708299174345,3.2625045518313196,6.172530366968125,0.44991895210800936,0.2112201543021088,0.7626694552796176,1.0,1.0
VNF,units,all,909,tsb,4.2,2.6,4.2,0.06,0.9816480738597799,0.7647866952278622,1.3099867169014627,-0.17294131595585593,-0.2080462955619463,-0.1344358970386591,0.0,1.0,1.1822562634981877,0.9408129708537848,1.5655743279904664,-0.15711260697078455,-0.2012887439645853,-0.10006813058958733,0.0,1.0,1.5016010161716156,1.2119318673505022,1.9821462661996219,-0.07213416210145662,-0.1273945523830949,-0.0037029447268159773,0.02,1.0,,1.6378584909396856,2.256061735787361,,,,0.0,0.15,,,,,,,,0.0
VNF,units,all,909,tsb_nb,4.0,3.395,5.6,0.0,1.4137300202901142,1.164684307516051,1.7476980440493965,0.19109660713484833,0.10388446883682072,0.2983339291190118,1.0,1.0,1.5882970617879169,1.3410250903910912,1.924496186096863,0.13237342114401263,0.061108021083287105,0.21417233733625246,1.0,1.0,1.7628641032857182,1.5192986749349495,2.1014015838869082,0.08930492233332754,-0.0052860890001017995,0.15893056818574344,0.965,1.0,2.1397931842156903,1.6975722594788092,2.830555692708111,-0.004714426480567191,-0.0956781220598749,0.1270710151930208,0.42,1.0,3.1115926347651435,2.568448761091501,4.131142839692397,-0.022598920415115575,-0.09323009133628625,0.1731450345245276,0.5,1.0
VNF,units,all,909,ets,3.0,2.395,3.6050000000000013,0.14,1.2268812410885035,0.9209751224761845,1.6586274776849368,0.03367266921164003,-0.03453537555756614,0.08625902997713401,0.86,1.0,1.5189208135644336,1.2183867553243943,1.9623229487433558,0.08291175466045919,0.030420440593731862,0.11983462445985858,1.0,1.0,1.8109603860403618,1.495149297804488,2.265965029480068,0.11902446648475618,0.06104542794960175,0.14822182708964915,0.995,1.0,2.1029999585162917,1.7719118402845828,2.5696071102167832,-0.021828120931032702,-0.08382865691625828,0.043018221032628215,0.22,1.0,2.815123674935556,2.1111466003672104,3.6013619939616603,-0.11572456872888259,-0.191311772106875,-0.030956783975117794,0.0,1.0
VNF,units,all,909,lgb_tweedie,5.4,3.795,6.4,0.0,,1.050884211331726,1.5475248906624577,,,,0.07936507936507936,0.315,1.5185967670194844,1.2020805957690084,1.93382881120581,0.08268072628198886,-0.0014007518024170133,0.1447705231936028,0.97,1.0,1.9933137917365071,1.7091128777468367,2.4044259302037134,0.2317038625078669,0.16018188778868328,0.2757324467649477,1.0,1.0,2.468030816453532,2.169023488112835,2.898542395097427,0.14795929099005112,0.05425227423963505,0.2683489638364492,0.995,1.0,3.0193147703108956,2.6203733672795413,3.960867397344982,-0.05158487549537527,-0.1202461168407837,0.15660905967478053,0.32,1.0
VNF,units,all,909,lgb_conformal,7.6,7.6,8.2,0.0,1.8943138770832355,1.6448009936891033,2.2402520291689747,0.5959983868626346,0.44986825737739217,0.7873001440836661,1.0,1.0,2.1062211016561867,1.8264878310896493,2.485427189188117,0.5016263971950841,0.40417209027131945,0.6245070634963007,1.0,1.0,2.4507907503040474,2.053333962331773,3.0360118974978962,0.5143869700105295,0.4222352545633299,0.6065672644817162,1.0,1.0,3.147353011572191,2.6446748528393185,3.871655809603584,0.4639335568960228,0.37935198818585797,0.5606755235784248,1.0,1.0,4.52417334161809,3.5947799876155426,6.122908257572092,0.4211153024728873,0.32844430782322337,0.6085312618468288,1.0,1.0
VNF,units,all,909,hgb_quantile,4.2,3.4,5.0,0.0,1.2651056752505132,1.003607404542803,1.594554368269313,0.06587754085373487,0.040989729324359944,0.09609801736291317,1.0,1.0,1.4795037393763453,1.2157601473173791,1.815601831921509,0.05480942530173816,0.033724072376123036,0.0766031078531032,1.0,1.0,1.7899594376596353,1.4439733826715522,2.2595762330956086,0.10604760888004616,0.04123539976086353,0.14492766207973243,1.0,1.0,2.2887897248659015,1.88461914004959,2.798640967587277,0.0645885830379962,0.032849684620175755,0.09490298983147699,1.0,1.0,3.4088125176164845,2.7406143001498418,4.2717973615441895,0.07076260484602148,-0.005549275025456695,0.17579024344575775,0.96,1.0
VNF,units,all,909,lgb_quantile,2.6,2.0,3.0,0.905,1.186914656478457,0.9386050655376074,1.5211701004038432,0.0,0.0,0.0,0.0,1.0,1.4026265824777964,1.1511671232505116,1.7408101793565365,0.0,0.0,0.0,0.0,1.0,1.6183385084771347,1.3637291809634147,2.0323167467671697,0.0,0.0,0.0,0.0,1.0,2.1499288657919156,1.7465999377198367,2.6805227854603486,0.0,0.0,0.0,0.0,1.0,3.183537137166535,2.361500266377154,4.130625325295988,0.0,0.0,0.0,0.0,1.0
VNF,units,all,909,chronos2,5.8,5.0,6.6,0.0,1.3395460784765054,0.9370878698484815,1.8555660455333722,0.1285951110005683,0.013053673822687524,0.21797333476843486,0.98,1.0,1.6891310624417955,1.3033158814484551,2.2136675520187774,0.20426283341777074,0.11639150454979032,0.27132588531784846,1.0,1.0,2.0387160464070835,1.6694494995287148,2.57176110199068,0.2597587190368018,0.17569913494718448,0.30341600106010097,1.0,1.0,2.3883010303723733,2.0279228996133103,2.9262583005100375,0.11087444257959422,0.02773933440498181,0.18668114060292243,0.995,1.0,3.4062906482008124,2.6162930390336014,4.3850939255121535,0.06997044527413188,-0.013028270610935734,0.15593065355628288,0.925,1.0
VNF,units,smooth,187,empirical,8.1,7.4975000000000005,8.5,0.0,,,,,,,,0.0,,,,,,,,0.0,,1.2090278862538288,1.9081819941244378,,,,1.0,0.12,1.6010972224355229,1.2958940068104676,2.4032716912262244,0.2660861576595326,,,1.0,0.795,2.3982581762358217,1.8078385944914548,3.008182139015565,0.42308065456976496,0.1972162776473381,0.5364943398757303,1.0,1.0
VNF,units,smooth,187,tsb,2.6,2.6,4.2,0.315,0.5626883817037129,0.5121798661141709,0.8267660970425226,-0.18345096994661192,,,0.0,0.615,0.6932282274620679,0.539467934291604,0.9142483227580714,-0.19131807987746918,-0.2394382500513063,-0.1339156064930942,0.0,1.0,0.8606291599471129,0.6795730580781393,1.1285505141519963,-0.16065582763025432,-0.2203868674868516,-0.08351033858841396,0.0,1.0,1.1525494885118825,0.913463781392044,1.4674714160577749,-0.08860815384917531,,,0.0,0.91,,,,,,,,0.0
VNF,units,smooth,187,tsb_nb,4.8,3.6,5.2,0.0,0.8348149294516122,0.671865992547248,1.0522917636347524,0.21144730028696013,0.10851871486547493,0.31126837080001624,1.0,1.0,1.003027382029162,0.8522074027153477,1.215947624211672,0.17007657377771945,0.08554820225842108,0.25630268850804033,1.0,1.0,1.1712398346067108,1.0325791540312532,1.3796034847885905,0.14227285731854478,0.058403990320562045,0.22540686735024454,1.0,1.0,1.339452287184261,1.2070747261819543,1.5475641779887965,0.059187397171121425,-0.08145449499805797,0.19590833680904393,0.785,1.0,1.6763914365252313,1.3812843280287885,2.1492555732372174,-0.005261299035849265,-0.1102867326956247,0.058287823022105376,0.24,1.0
VNF,units,smooth,187,ets,3.0,2.395,4.2,0.085,0.6756039845854416,0.573771592494356,0.9772434694318285,-0.019592733293845588,,,0.5370370370370371,0.81,0.8955727443480159,0.6758693749086392,1.1761667070081405,0.044725903848724435,-0.04669413546889838,0.11762415104508779,0.82,1.0,1.1155415041105892,0.8841552992803077,1.3901068353399464,0.08795205192599131,0.03180159144079966,0.1420148703334012,1.0,1.0,1.3355102638731635,1.1100686230040502,1.6040469636717536,0.05607019661801593,-0.03642807394201856,0.13501525627526523,0.91,1.0,1.5554790236357379,1.3369498370249795,1.9752688586080822,-0.07700841841832495,-0.18860144600824125,-0.015281334417252618,0.01,1.0
VNF,units,smooth,187,lgb_tweedie,6.3,5.5,7.202500000000001,0.0,,,,,,,,0.0,0.8400524080016326,0.731152747942322,1.1306498266142786,-0.02004106671566852,,,0.4594594594594595,0.74,1.2322300809576059,1.0367645359328932,1.5027790319911345,0.20175469947360813,0.09322944096627475,0.2890456469978518,1.0,1.0,1.624407753913581,1.4471429429013232,1.8809686503077436,0.2845192301916064,0.14718331371218105,0.4171132546286723,1.0,1.0,2.0165854268695567,1.8422524575216723,2.2725750980782813,0.19660332557256432,-0.03354415527866274,0.3217117501092788,0.935,1.0
VNF,units,smooth,187,lgb_conformal,8.0,6.8,8.2,0.0,1.4100091254719356,1.2602449737533545,1.6328288648587292,1.0461442269067165,0.7647569754815967,1.3361185584601145,1.0,1.0,1.5726158892339697,1.4044381949742615,1.8217917160604056,0.8345271968754553,0.6446520827134306,1.074427656424088,1.0,1.0,1.7352226529960029,1.5506561701040213,2.0278351198739735,0.6923073134608473,0.575804301575282,0.8485953132158269,1.0,1.0,2.0728294730168013,1.801644916670843,2.4632428721287694,0.6391138940227354,0.48047331653316916,0.8127648975127946,1.0,1.0,2.501450304634752,2.21878715452232,3.109961499361064,0.48431289515317255,0.3026449318915661,0.6113273262661504,1.0,1.0
VNF,units,smooth,187,hgb_quantile,4.8,3.4,5.2,0.005,0.7416103111122552,0.5790682705193726,0.9784720522359711,0.0761927914395173,0.032562617707280014,0.13187872971441086,1.0,0.985,0.9096568227401624,0.7364186027722851,1.1566283266689688,0.06115561502626066,0.03323793273849516,0.09147453798191277,1.0,1.0,1.0777033343680686,0.9077074724947852,1.3565077338018323,0.05104969171724183,0.02558491266506681,0.09892328871761831,1.0,1.0,1.3731955779604812,1.1432612803321205,1.7231450676865605,0.08587029485341602,0.042712580184173295,0.1355187744257081,1.0,1.0,1.9284980479409677,1.4993865795269783,2.48752858234723,0.14433395519902836,0.008307220753431667,0.22385400364738756,0.98,1.0
VNF,units,smooth,187,lgb_quantile,2.8,2.0,3.4,0.745,0.6891054437562958,0.5633863461206371,0.9129222621803559,0.0,0.0,0.0,0.0,0.96,0.8572322568520272,0.6952927789102066,1.0846456719338866,0.0,0.0,0.0,0.0,1.0,1.0253590699477577,0.8579517267800522,1.2584484043873263,0.0,0.0,0.0,0.0,1.0,1.2646036865257944,1.030256928345536,1.5946571452697116,0.0,0.0,0.0,0.0,1.0,1.6852580832538118,1.4075618532686482,2.3099440015709107,0.0,0.0,0.0,0.0,1.0
VNF,units,smooth,187,chronos2,4.6,4.195,5.902500000000001,0.0,0.6136007654654547,0.5942525961862323,1.0371292553046962,-0.10956912178674283,,,0.25925925925925924,0.54,0.9042943384686771,0.6594273045626458,1.2388042476650438,0.05490003583098213,-0.08202257407343454,0.15771097350656996,0.8080808080808081,0.99,1.1949879114718978,0.9465395145250267,1.5117317896437061,0.1654335993075895,0.08391787956826413,0.23019985759611278,1.0,1.0,1.4856814844751203,1.2470720426119724,1.7852320504281887,0.17481982719557454,0.08097478721177431,0.2749169252379577,1.0,1.0,1.7763750574783426,1.5542605155137748,2.351923259512037,0.054067074432069706,-0.0716979639261747,0.1379619885891363,0.865,1.0
VNF,units,erratic,285,empirical,8.2,8.0,8.6,0.0,3.287692500161941,2.4994921221738324,4.159672313470258,0.9089090807268354,0.5800478014582444,1.2163764211392625,1.0,1.0,3.8004350823592152,3.056232141490355,4.614949540261929,0.9349310426993411,0.6538468506076862,1.21510735409749,1.0,1.0,4.313177664556486,3.524891435980932,5.178889941977907,0.8378031934811954,0.5854838218362427,1.1710614950276987,1.0,1.0,4.8259202467537605,4.013662821028028,6.060424711505092,0.5761498761661312,0.41960858471446616,0.9131959220411772,1.0,1.0,6.539877608842234,4.857588108905692,8.431141111138079,0.42270234411500507,0.14666309387500118,0.7834785603433545,1.0,1.0
VNF,units,erratic,285,tsb,4.2,2.6,5.8,0.03,1.4954571748684176,1.1964340050607145,1.8962068654564308,-0.1317035334649428,-0.18218222660079028,-0.04887137878364849,0.0,1.0,1.7758027485363395,1.4042306844920498,2.245149202128309,-0.09587829040859241,-0.1694703066796588,0.0011268094406103827,0.03,1.0,2.2014041466069685,1.711982930878391,2.7718940704476376,-0.062003032237011424,-0.13028960577241158,0.02492324616971109,0.08808290155440414,0.965,,2.0063061281644585,2.5467935078409076,,,,0.0,0.075,,,,,,,,0.0
VNF,units,erratic,285,tsb_nb,5.8,4.0,6.6,0.0,2.173596714514375,1.840242108269432,2.6015328388768575,0.2620397150798408,0.1411435222033194,0.42699591963794054,1.0,1.0,2.3418560213179695,1.9975972397489334,3.052271956646741,0.1923187253517229,0.10013448449741404,0.36933222074922484,0.995,1.0,2.844024815394006,2.1734505103977035,3.705669857729646,0.2118114055494924,0.02232560096409051,0.43890022633385345,0.99,1.0,3.6519794963719443,2.858597345183575,4.4871681467206335,0.19273977534954279,0.042137379358242924,0.38497865728870556,1.0,1.0,4.8882439679457015,3.758686713922385,6.126193431402789,0.0634015753443975,-0.09542355332140524,0.2586680906747903,0.675,1.0
VNF,units,erratic,285,ets,3.0,2.4,3.6050000000000013,0.065,1.882656464402815,1.4988399395590615,2.3237799702831237,0.09311318519313838,0.03208747461029857,0.15569673504318018,1.0,1.0,2.230851434356076,1.849266236421946,2.6914802663016997,0.135802506408377,0.07432384185390545,0.2040037330428896,1.0,1.0,2.5790464043093353,2.1875443668748082,3.0754622685584576,0.09890667312988399,-0.0037044273924277363,0.2032309562660039,0.965,1.0,2.9272413742625965,2.521974592094119,3.4518422984866572,-0.043960344629420445,-0.11157331589060358,0.03850298198031963,0.155,1.0,3.9721247176871315,3.015903998764352,5.068883609638603,-0.13589343945366772,-0.22677871080475995,-0.034884695027681656,0.0,1.0
VNF,units,erratic,285,lgb_tweedie,3.6,3.0,5.605,0.0,1.7040308207497556,1.3525648037468474,2.275393863212462,-0.010600928338831306,,,0.5260115606936416,0.865,2.2644588604519895,1.7833024139810096,2.804034928826668,0.1529131925821925,0.028364883225863412,0.22449328830760457,0.985,1.0,2.8248869001542203,2.378385939887991,3.353565590636474,0.20365692537742008,0.07029346007946899,0.3137309949100807,1.0,1.0,3.385314939856454,2.8993234651170057,3.921119586589262,0.10564689228490654,-0.007587137455185019,0.24030449918063534,0.955,1.0,4.416138730185549,3.489819602424577,5.698136494291653,-0.03930145192972412,-0.16967946854781624,0.09323331358375807,0.275,1.0
VNF,units,erratic,285,lgb_conformal,8.0,7.4,8.0,0.0,2.503319925886859,2.174578630080234,3.000210112332023,0.4534845148244475,0.3656791902876727,0.5675019309905512,1.0,1.0,2.7955707657524815,2.4475578300800724,3.4444440298691763,0.4233203671405237,0.3580146753320028,0.5323926616956209,1.0,1.0,3.689552744607013,2.841164421020586,4.603119162160612,0.5720826601408542,0.4172302089019631,0.6928100832447828,1.0,1.0,4.844616319775301,4.087763463098149,6.133108132752084,0.5822560303649114,0.4648935469807191,0.7382211763818521,1.0,1.0,7.185790133031535,6.021804137563257,10.167589357204053,0.5632158700890852,0.4279778674186979,0.829749996344323,1.0,1.0
VNF,units,erratic,285,hgb_quantile,3.4,2.8,4.4,0.005,1.8136375425057136,1.542471194621611,2.1910198717484697,0.05303922853664944,0.025377418684145024,0.09804512812336055,1.0,1.0,2.0460272273194677,1.7651422426927148,2.5154547694780844,0.04170220265699154,0.018063083846867386,0.08438535679641056,1.0,1.0,2.5262034233352173,2.0470866705292075,3.1114591543715493,0.07639079116533098,0.026458713665887604,0.12001263186495718,1.0,1.0,3.1138902560754307,2.65274048996935,3.8439140255793545,0.01699934739071507,-0.006339053905388012,0.06354843290683253,0.935,1.0,4.658943905664463,3.881091231210294,5.606336873518937,0.013519030803784027,-0.036783731098478684,0.0809859268565667,0.71,1.0
VNF,units,erratic,285,lgb_quantile,2.4,2.0,2.8,0.97,1.7222886796212005,1.430737741604146,2.08040162757141,0.0,0.0,0.0,0.0,1.0,1.9641191331849157,1.6724033807166696,2.3304229340094937,0.0,0.0,0.0,0.0,1.0,2.346920323055048,1.9206864615608625,2.958666800692019,0.0,0.0,0.0,0.0,1.0,3.0618409579756825,2.5354868821215195,3.7133293989615153,0.0,0.0,0.0,0.0,1.0,4.596799629869436,3.709269785075983,5.614569602007013,0.0,0.0,0.0,0.0,1.0
VNF,units,erratic,285,chronos2,6.4,4.6,6.6,0.0,2.18386902731449,1.674237529910161,2.743284893655519,0.26800405364959445,0.13752010723612768,0.3857536730763901,1.0,1.0,2.5845549655800464,2.088978179522101,3.183294811049378,0.3158850305526344,0.1946389813536514,0.4282668936821659,1.0,1.0,2.9852409038456007,2.4632069386384727,3.5985047963325227,0.2719822119737043,0.15545152407816099,0.4019548118885645,1.0,1.0,3.3859268421111572,2.8800506681961306,4.120182408497724,0.10584674010950001,0.02784107896817134,0.21262370164504202,1.0,1.0,4.924125233196367,3.775758844854353,5.967367304958591,0.0712072810831279,-0.057812856429091126,0.16623125426263222,0.875,1.0
VNF,units,intermittent,272,empirical,,6.0,6.8062499999999995,0.0,,25.75015920735787,42.78647009837646,,,,1.0,0.01,,39.941315932572074,39.941315932572074,,,,1.0,0.005,,,,,,,,0.0,,,,,,,,0.0,,,,,,,,0.0
VNF,units,intermittent,272,tsb,,6.0,7.140624999999998,0.0,,,,,,,,0.0,,,,,,,,0.0,,,,,,,,0.0,,,,,,,,0.0,,,,,,,,0.0
VNF,units,intermittent,272,tsb_nb,,6.0,6.709375,0.0,,22.17472934895448,22.17472934895448,,,,0.0,0.005,,,,,,,,0.0,,,,,,,,0.0,,,,,,,,0.0,,,,,,,,0.0
VNF,units,intermittent,272,ets,,5.6625,6.709375,0.0,,20.447857036927193,20.447857036927193,,,,0.0,0.005,,29.29572593800986,29.29572593800986,,,,1.0,0.005,,,,,,,,0.0,,,,,,,,0.0,,,,,,,,0.0
VNF,units,intermittent,272,lgb_tweedie,,3.94375,6.5,0.0,,16.38177287405871,26.10239191680067,,,,0.0,0.015,,28.993626971180035,28.993626971180035,,,,1.0,0.005,,,,,,,,0.0,,,,,,,,0.0,,,,,,,,0.0
VNF,units,intermittent,272,lgb_conformal,,5.69375,6.5,0.0,,23.523171508780482,33.85530093530184,,,,1.0,0.02,,37.0120717781403,37.0120717781403,,,,1.0,0.005,,,,,,,,0.0,,,,,,,,0.0,,,,,,,,0.0
VNF,units,intermittent,272,hgb_quantile,,1.0,2.7812499999999973,0.085,,23.566608918489433,70.5787323077534,,,,0.5,0.16,,31.290808007396297,89.6893138916839,,,,0.46153846153846156,0.065,,43.21648730830438,87.43162710693372,,,,0.25,0.02,,75.47220539853,106.44470004783767,,,,0.5,0.01,,,,,,,,0.0
VNF,units,intermittent,272,lgb_quantile,,1.0,2.112499999999999,0.095,,22.927576470500835,68.73751457428249,,,,0.0,0.185,,31.764214999974627,88.36976408767455,,,,0.0,0.075,,50.40368988876364,82.25812717499323,,,,0.0,0.02,,76.68317163197912,104.37935492119246,,,,0.0,0.015,,101.63168243610653,101.63168243610653,,,,0.0,0.005
VNF,units,intermittent,272,chronos2,,3.0,6.0,0.0,,18.991707955398653,89.4551699396064,,,,0.8181818181818182,0.055,,33.376807215877626,116.52886394891351,,,,1.0,0.025,,80.88991134122973,80.88991134122973,,,,1.0,0.005,,149.94469394992552,149.94469394992552,,,,1.0,0.005,,,,,,,,0.0
VNF,units,lumpy,165,empirical,7.4,6.246875,8.8,0.0,14.097877885591203,8.915557622055058,22.11221685791342,1.621273274102534,0.8005842791282775,2.0379376570412657,1.0,1.0,15.839975263868357,10.0638308172639,27.90942415031907,1.4053795139783878,0.5626942148521793,1.9557275575035433,1.0,1.0,17.5820726421455,11.814177221703678,32.254347814228225,1.0116004801461695,0.32882134513434824,1.5778717565774953,1.0,0.975,22.903749750171478,14.171144837531857,45.710749020699716,0.8252238531293694,,,1.0,0.905,41.8779514112424,17.28264634561804,44.44177643806421,0.5596846759668277,,,0.9814814814814815,0.54
VNF,units,lumpy,165,tsb,5.5,2.995,8.002500000000001,0.02,5.268905454093677,3.3399381887112036,8.500265806220908,-0.020331913592139372,,,0.34054054054054056,0.925,6.547241147968695,3.887792860987918,9.259025274937168,-0.005768666424407098,,,0.4,0.775,,4.797785737038726,9.994000047055946,,,,0.25806451612903225,0.465,,5.479613377039601,9.68891604018762,,,,0.17647058823529413,0.085,,,,,,,,0.0
VNF,units,lumpy,165,tsb_nb,5.7,2.0,7.0,0.135,5.6611051204502205,3.4707617732327276,12.815659369176009,0.05259129597708756,-0.19862290547530762,0.43218921709737457,0.55,1.0,7.008891379992208,4.067309143815788,19.468979317998393,0.06433523160791488,-0.18082536623513404,0.40938834999780604,0.6161616161616161,0.99,9.22555295245194,5.2636739824231435,25.225997894948808,0.055514166417505395,,,0.656084656084656,0.945,16.501713007827036,6.878911700362177,27.82156702877213,0.3150388267386477,,,0.7278481012658228,0.79,,10.549329547322312,32.75000815516399,,,,0.8840579710144928,0.345
VNF,units,lumpy,165,ets,4.7,2.4975,5.8,0.11,6.195280895664498,4.3536693207209884,10.258257503380182,0.1519126757340572,-0.11340199812177874,0.2560073743504639,0.845,1.0,6.9360478573164155,4.955930306505088,12.14828536313833,0.053273578148767875,-0.18418085933473677,0.25237889944377834,0.6326530612244898,0.98,7.825628450270385,5.498160885770392,15.061867175410343,-0.10465402638170052,,,0.2903225806451613,0.93,10.81249134763856,6.342381899943129,16.98797423844852,-0.13834121771623598,,,0.15584415584415584,0.77,,7.579834485404084,18.74380111305001,,,,0.08450704225352113,0.355
VNF,units,lumpy,165,lgb_tweedie,3.7,1.995,5.702500000000001,0.125,5.902954575291121,4.154990992649795,9.56276867147167,0.09755930587726236,-0.1877254511711246,0.18410095088658665,0.751269035532995,0.985,6.854938380959137,4.895610711757256,12.512028225488883,0.040956698256642055,-0.23305313003609016,0.20585312462249694,0.5786802030456852,0.985,7.806922186627148,5.722456885451045,13.274788900579896,-0.1067942478272812,,,0.23369565217391305,0.92,10.539720822863174,6.264052624185936,17.706563035574014,-0.16007858708506273,,,0.1292517006802721,0.735,,8.068171139196947,19.095207184251187,,,,0.15517241379310345,0.29
VNF,units,lumpy,165,lgb_conformal,6.6,4.0,7.405000000000001,0.0,6.092040085123777,4.231024090050219,13.869018548998996,0.13271671023745824,-0.013318260931916417,0.3768265122348662,0.935,1.0,8.330973887877926,5.01508046467285,27.040463575129568,0.2651000767091216,0.03582272010300893,0.9299742654847027,0.985,1.0,11.369944476113208,7.012095230801517,56.95961781314576,0.30085833638062054,0.0707978090747878,1.6719432226354183,1.0,1.0,19.452441025988414,9.232275690203775,92.0660207886268,0.5501854390441274,0.07747286827637383,2.2453326654753587,1.0,1.0,80.3195319350794,13.857188207195897,133.41138055124947,1.9913866108154759,,,1.0,1.0
VNF,units,lumpy,165,hgb_quantile,2.8,1.8,4.605,0.235,5.465591129332836,4.0035273783278145,10.758680091845816,0.016238619085701123,-0.033232978372374364,0.08506426047947922,0.76,1.0,6.826629394955895,4.479200723032444,15.115230275465883,0.0366578370615096,-0.06315073595296171,0.09192817415480665,0.75,1.0,8.878296061622553,5.425210275654015,22.433503174426814,0.015783803419686437,-0.12111305521672935,0.08148239522161903,0.625,1.0,12.39296443213885,7.147494230390397,34.43710119259488,-0.012391659040269287,-0.1597871157841506,0.08434322952878162,0.3869346733668342,1.0,25.393375160475387,10.426071372873583,41.10066213227822,-0.054259896336816604,,,0.3505747126436782,0.885
VNF,units,lumpy,165,lgb_quantile,2.6,1.4,4.4,0.46,5.378255683935894,3.9118762572133754,10.725597813397652,0.0,0.0,0.0,0.0,1.0,6.585229138195229,4.321974785302606,15.348019920663685,0.0,0.0,0.0,0.0,1.0,8.740340249306328,5.230312016731539,25.445457615523775,0.0,0.0,0.0,0.0,1.0,12.54846067834513,7.064170602796071,38.42229787919915,0.0,0.0,0.0,0.0,0.995,26.85026791411079,10.440260990590929,41.98361043393966,0.0,,,0.0,0.885
VNF,units,lumpy,165,chronos2,6.0,4.871875,7.4,0.0,7.581018664525934,5.472881810496803,14.268819957948317,0.40956828943060275,0.08203530738709931,0.6131821384380034,1.0,1.0,8.16640327991055,5.944656250395497,21.743713819943686,0.2401092063060184,0.07025122877501566,0.6126480272498637,1.0,1.0,11.24673825450693,6.579529413648925,40.516324153254644,0.28676206345622757,0.06933611894136282,0.8876901679541823,0.995,1.0,16.003734105348897,8.57414790927303,63.7175667730269,0.27535436541364233,0.061082409298002405,1.215151132101774,0.9947643979057592,0.955,53.30973630264626,12.135217151091792,81.66071100907801,0.9854452280764787,,,0.9710144927536232,0.69
VNF,value,all,909,empirical,8.6,8.1,8.6,0.0,2.390566150532724,1.6755100128616924,3.188241852179211,0.7471498691779728,,,1.0,0.945,2.940050233312726,2.1459036425116076,3.703947687078404,0.8489949561785206,0.5352566763335334,1.0791230215528027,1.0,1.0,3.4895343160927252,2.772635092134608,4.257599592587863,0.9259040809586037,0.7002269496113386,1.0791218672290508,1.0,1.0,4.039018398872727,3.359576767472609,5.362542283028011,0.648722787738947,0.4969293484700377,0.9622398070554151,1.0,1.0,5.872583485819894,4.125359917895243,8.652500098193157,0.5683400959470415,0.322885611547685,0.9881725583618448,1.0,1.0
VNF,value,all,909,tsb,4.4,2.6,4.6,0.03,1.2135960645495727,0.976459404646495,1.555111958932304,-0.11304098196982149,-0.15326631873806865,-0.0633673681180781,0.0,1.0,1.4563738523543976,1.1740982243143474,1.8615589773659302,-0.08408778979283071,-0.1419871152633034,-0.018948066580344022,0.005,1.0,1.8323870043121775,1.4787351233047996,2.34033662158424,0.011310189220835598,-0.05959037936071774,0.07076620286077398,0.47,1.0,,1.9609549886328328,2.599585348120032,,,,0.1724137931034483,0.145,,,,,,,,0.0
VNF,value,all,909,tsb_nb,4.8,3.6,5.4,0.0,1.7002761821650831,1.4477759638320238,2.036218196727092,0.2426501180794176,0.14816641672337466,0.3612746581525506,1.0,1.0,1.8870326098851518,1.64053674293995,2.2373615228107684,0.18675311676244655,0.099520519118239,0.2879080623720787,1.0,1.0,2.0737890376052195,1.82784995839534,2.4385571385548754,0.1445420531193249,0.008388449639163457,0.2271783173202985,0.975,1.0,2.6028123867791675,2.0452789628369494,3.222902763051317,0.062465101790499133,-0.021333791610224126,0.13725658038711644,0.895,1.0,3.6495176689716913,3.047158476173116,4.796430246458875,-0.02535487065683162,-0.1007605754686789,0.14316786024000366,0.5,1.0
VNF,value,all,909,ets,3.6,2.8,3.8,0.035,1.4745181356224566,1.1561010061562982,1.8731188371828646,0.07765441553634944,0.003612744714541061,0.12500288861042907,0.975,1.0,1.8026378725051386,1.4745017695664249,2.2237856565428507,0.1336773420782058,0.07987755876599006,0.18117759576188486,1.0,1.0,2.1307576093878184,1.790233399884935,2.5461322631938166,0.17598349915311573,0.07289440278248809,0.2199062306655987,1.0,1.0,2.4588773462705005,2.1091446997350176,2.8685968119036254,0.003710979425768146,-0.07390406023072942,0.08679072871967045,0.53,1.0,3.338733982987377,2.6078813919734425,4.258218584376467,-0.10835318257054727,-0.17418091836444977,-0.023054151257755697,0.01,1.0
VNF,value,all,909,lgb_tweedie,3.8,3.6,5.8,0.0,1.2816425718568387,1.1164026502094877,1.7017576889079753,-0.06330906122233904,,,0.15328467153284672,0.685,1.7793766057090836,1.4488170595466454,2.1592800277236486,0.11904835224228516,0.05482991089452297,0.17198308303620136,1.0,1.0,2.2771106395613256,1.9589492177040768,2.647808269891591,0.25675699857736545,0.1435988057381917,0.29531434546085117,1.0,1.0,2.77484467341357,2.455195806831734,3.1494167407058855,0.13268848856193327,0.03612885991129457,0.2434626235084067,1.0,1.0,3.475832881010801,2.9416898671241913,4.436550508973824,-0.07173936526178049,-0.1425609163705414,0.06037474033227614,0.125,1.0
VNF,value,all,909,lgb_conformal,7.6,7.4,8.0,0.0,2.092215440865946,1.833817952362654,2.410506833651031,0.5290996791644875,0.41189384495746634,0.6733776972542508,1.0,1.0,2.3199873764641943,2.0342439682811975,2.7090493303917342,0.45903798134997875,0.37705864105474657,0.5683867916036056,1.0,1.0,2.8405274113168453,2.3119630789327474,3.456757479619627,0.56771157351889,0.4491593833380963,0.6560509910848686,1.0,1.0,3.5862194820355704,3.0505649089472837,4.428129286516359,0.46389077690649083,0.37413486634689525,0.5771783949765051,1.0,1.0,5.325247043776965,4.31980443553429,8.660926282841938,0.42216768475839506,0.3347094619387743,0.9061071140637177,1.0,1.0
VNF,value,all,909,hgb_quantile,3.6,3.0,4.2,0.0,1.4363478238854612,1.1788234509704116,1.7427702570737909,0.04975756978585122,0.02943798426091084,0.06989482920744003,1.0,1.0,1.6572428015404028,1.3950227610394699,1.9772130967310468,0.04223851228511677,0.02310715306263326,0.06219724673624863,1.0,1.0,2.0031174543954813,1.6136133598820017,2.5125940613301334,0.10553779691133891,0.02904002480918837,0.13961128564414402,1.0,1.0,2.5733723570153173,2.1362397130038224,3.0806772255590054,0.05044771460629627,0.021433324249072135,0.08651780200250626,1.0,1.0,3.7962285677417213,3.0557820825751856,4.565963506790252,0.013825940583920282,-0.03502938907157863,0.10299728033595143,0.685,1.0
VNF,value,all,909,lgb_quantile,2.2,1.8,3.0,0.99,1.368266221865372,1.1305243026878586,1.6693202015406456,0.0,0.0,0.0,0.0,1.0,1.590080180310056,1.3436185858727003,1.9049862327983549,0.0,0.0,0.0,0.0,1.0,1.8118941387547385,1.544667976545965,2.3026486391919443,0.0,0.0,0.0,0.0,1.0,2.4497862399365657,2.001549349928865,2.994397575823808,0.0,0.0,0.0,0.0,1.0,3.744457915088715,2.8013587276418375,4.636694787433702,0.0,0.0,0.0,0.0,1.0
VNF,value,all,909,chronos2,6.4,5.8,6.6,0.0,1.6727842371041646,1.2588729258128488,2.122172096820022,0.22255757715310676,0.11747079596747026,0.3116208273973542,1.0,1.0,2.052127266072996,1.6580502804139388,2.4954303585664688,0.29058099804303184,0.21411304861223165,0.3760189596154123,1.0,1.0,2.4314702950418257,2.0451239304896465,2.8876614644565484,0.34194942355346636,0.2143803906683009,0.4099685547390045,1.0,1.0,2.810813324010657,2.39397256725032,3.3043449862645975,0.14737085145985618,0.05340715386821681,0.26750823220915915,1.0,1.0,4.0354681481050125,3.189389797704012,4.977018476832074,0.07771758679504415,0.0036440809722960888,0.17962870402169662,0.98,1.0
VNF,value,smooth,187,empirical,8.5,7.6,8.7,0.0,,,,,,,,0.0,,1.5623827233332745,1.8001551487383247,,,,1.0,0.025,,1.3873392240992546,2.3936145901823687,,,,1.0,0.44,2.239674214024635,1.5124894688784003,3.0409296349695065,0.5339792166679109,0.2091748504972763,0.7919645195145195,1.0,0.955,3.020335180111479,2.347073744721589,3.822374002767838,0.541727427028609,0.26240105475013126,0.6672482808349496,1.0,1.0
VNF,value,smooth,187,tsb,2.6,2.6,4.4,0.135,0.744214611012893,0.6243100289808722,1.0782387868868664,-0.10142908348163071,,,0.013422818791946308,0.745,0.8999840692433094,0.6678520726990167,1.2295134417326894,-0.10846684865532785,-0.17642984590605357,-0.031470680942803586,0.0,1.0,1.1060250700336596,0.840115641127802,1.4971062559889465,-0.07114316758017103,-0.16072552741563637,0.01999144472013249,0.07,1.0,1.453167038115547,1.1244522086869486,1.8562682627952682,-0.004708800566832649,,,0.3942857142857143,0.875,,,,,,,,0.0
VNF,value,smooth,187,tsb_nb,5.0,3.995,5.6,0.0,1.0639678422047902,0.8404541939148915,1.3696695007952877,0.284643629631006,0.16166776231458266,0.3764468470272272,1.0,1.0,1.240636871627283,1.023864287544964,1.5510661829032155,0.22898719836922243,0.12625144717463443,0.325349816265531,1.0,1.0,1.4173059010497748,1.1999773721460265,1.7262750561141993,0.1902752527833398,0.09921210517729151,0.264861126617052,1.0,1.0,1.5939749304722677,1.3775905957190944,1.8830105425899801,0.0917321813695009,-0.05715039481109286,0.22213395547886086,0.885,1.0,2.084574017173461,1.5808260589485674,2.6282947640310783,0.0640689672822703,-0.09780673869935838,0.11719009351848238,0.62,1.0
VNF,value,smooth,187,ets,4.0,2.8,4.8,0.01,0.8974225719366842,0.7038265439202652,1.3157673040467963,0.08355548391060585,,,0.9096045197740112,0.885,1.1373790791036076,0.8475668111007462,1.5400199542251776,0.12669900426048986,0.02418869858131818,0.2233128759262153,0.99,1.0,1.3773355862705299,1.086466805154073,1.7753613459849364,0.15670756884689618,0.08062032515435383,0.23334700957673507,1.0,1.0,1.6172920934374533,1.3246111481930691,2.022760690394179,0.107702380586993,-0.00715186988972385,0.2080785673402633,0.96,1.0,1.8572486006043767,1.5591254235134935,2.3997619777388586,-0.05196909097466962,-0.20174280873787737,0.02912585044325876,0.085,1.0
VNF,value,smooth,187,lgb_tweedie,6.1,4.4,6.9,0.0,,0.8139149677864713,1.129191818380902,,,,0.0,0.055,1.02999927067545,0.8103710500851111,1.3776522643540217,0.020327500285721722,,,0.6141304347826086,0.92,1.4350023349906613,1.2061434464130554,1.7487470462929788,0.2051369896650892,0.11806528272285963,0.2763763921981671,1.0,1.0,1.8400053993058747,1.610718673015144,2.165474452077785,0.2602413437711286,0.09954240637095597,0.39694991940312785,1.0,1.0,2.2450084636210885,1.9707884538437976,2.6217132049104137,0.1459625888767222,-0.1279696105662791,0.2809995780106411,0.82,1.0
VNF,value,smooth,187,lgb_conformal,7.8,7.0,8.2,0.0,1.5802570185409333,1.3755235706518176,1.922487896037209,0.9080154789655319,0.662089852552607,1.2159049946065073,1.0,1.0,1.7578526820836191,1.5305574703414278,2.124089151739142,0.741346313580143,0.5742991804625031,0.9732507157474046,1.0,1.0,1.9354483456263036,1.6900026587130794,2.4130492266155845,0.6254192317502674,0.5233466358953195,0.7717312272477976,1.0,1.0,2.350775983945486,2.0077207614489754,2.8688295967681,0.6100741258856903,0.4477755412467754,0.7629727127540484,1.0,1.0,2.925135785919088,2.44497770534742,3.6471684789499257,0.4931329802832978,0.25199560372459,0.5833017771955268,1.0,1.0
VNF,value,smooth,187,hgb_quantile,4.0,3.0,4.8,0.005,0.8850985928876971,0.6867788223467933,1.2018034821180061,0.06867540901644364,0.03226887707911763,0.1274711100660403,1.0,0.99,1.0644640135464392,0.8369877941610107,1.4040655577313659,0.054468616636693445,0.025541859529166985,0.0900873610738172,1.0,1.0,1.24382943420518,1.0115864377183117,1.6423583180284351,0.04458705288769926,0.02039189387189699,0.11895921084528044,0.995,1.0,1.6045000413124684,1.2880695958222852,2.0799654285463745,0.09894095360114674,0.045446152065172225,0.14944811606518874,1.0,1.0,2.2070636189396873,1.710392060343252,2.8502838911613297,0.1265936763981086,-0.0037343637533072257,0.1712349727615156,0.96,1.0
VNF,value,smooth,187,lgb_quantile,2.0,1.6,3.2,0.935,0.8282202298472445,0.6441634867732124,1.1087906401592074,0.0,0.0,0.0,0.0,0.985,1.0094790843008934,0.8060118930352191,1.3159660711281402,0.0,0.0,0.0,0.0,1.0,1.1907379387545414,0.9843156792103835,1.5248961469453988,0.0,0.0,0.0,0.0,1.0,1.4600420851135292,1.1658637081531102,1.8883777746829924,0.0,0.0,0.0,0.0,1.0,1.9590591223590084,1.5925152707011432,2.758971091297232,0.0,0.0,0.0,0.0,1.0
VNF,value,smooth,187,chronos2,5.0,4.2,6.005000000000001,0.0,0.8326567274428904,0.7012259875007633,1.2965558913989002,0.005356664128409516,,,0.7124183006535948,0.765,1.1418667965614717,0.8353728118472485,1.5658947832806123,0.1311445817148975,0.001991377163219155,0.2388160634747137,0.9747474747474747,0.99,1.4510768656800517,1.1392629801394596,1.8403349012177748,0.21863662729837352,0.12509864608984253,0.30287277245210475,1.0,1.0,1.760286934798633,1.4796591444155767,2.146329665921884,0.20564122962370468,0.07178046904638563,0.3180188445128985,1.0,1.0,2.0694970039172143,1.7943657968346685,2.662555898346324,0.05637291917214915,-0.08885647468048527,0.14596240638297672,0.775,1.0
VNF,value,erratic,285,empirical,8.4,8.0,8.6,0.0,3.287215304718173,2.373831342445006,4.164275981722517,0.9687298682108578,0.6128252002675149,1.2428337309331445,1.0,1.0,3.7748279104224474,3.06174777264329,4.683222765572212,0.9836742795084963,0.7459735138110527,1.198708777229601,1.0,1.0,4.262440516126719,3.6071412524323816,5.221384757530251,0.9477380157572344,0.6494833339128728,1.1813861505022294,1.0,1.0,4.750053121830993,4.0540364728692895,5.830482723138537,0.6008635048864397,0.43441596923384035,0.8595941291588414,1.0,1.0,5.996916057679821,4.515934619956317,8.175302897201655,0.3560538099792325,0.1257041355541738,0.6802007541992138,1.0,1.0
VNF,value,erratic,285,tsb,4.4,2.6,4.8,0.085,1.5094403965030554,1.1502231049536777,2.0006271249554324,-0.09598851386025054,-0.16123190632884474,-0.008847179489488032,0.02,1.0,1.787912039370139,1.3619224745827645,2.3758656625440953,-0.060451175342396746,-0.14092016559541728,0.0343202842324349,0.12,1.0,2.203634419707147,1.683773962971509,2.923622958532474,0.006958927838593754,-0.09809531996130497,0.10614404385739996,0.3869346733668342,0.995,,2.1000046445664524,2.798898573897679,,,,0.16666666666666666,0.24,,,,,,,,0.0
VNF,value,erratic,285,tsb_nb,5.2,4.3950000000000005,6.0,0.0,2.230272871721712,1.8526444726288565,2.699377620987264,0.33572170052772954,0.1548915804795021,0.539590883340666,1.0,1.0,2.415291969545159,2.05240792557475,2.8723509747225844,0.26923734569769153,0.11963859320888279,0.44750531021047585,1.0,1.0,2.6003110673686054,2.2417132226428413,3.511735358790893,0.18822179442645237,0.049380752287010624,0.38211284808859997,0.995,1.0,3.4909047022269473,2.749043498205105,4.345762101033328,0.1765051449945494,0.04743765814096003,0.30380145999181873,0.995,1.0,4.416124663642352,3.714670478997486,5.613150798803491,-0.0014029514709611446,-0.0874243214015423,0.18828699056000023,0.595,1.0
VNF,value,erratic,285,ets,3.2,2.595,4.0,0.075,1.8265811668406897,1.3541646001449517,2.388706146823426,0.09394869715691168,-0.008129603576187945,0.16556858985333753,0.965,1.0,2.212635611266782,1.7344218704727024,2.7710690203521056,0.16274131063719888,0.08950696794806792,0.2287918844006729,1.0,1.0,2.598690055692873,2.1312318960885963,3.1373778528279836,0.18748106712413226,-0.0034921461468218327,0.27469301132235285,0.97,1.0,2.984744500118965,2.5209744079365124,3.5433004688355934,0.005918969556521603,-0.10498621704983385,0.15727409332229256,0.535,1.0,3.8819894774705976,2.9748985677977324,4.775036257363096,-0.12218437433656792,-0.2117834865796033,-0.012669653683817162,0.01,1.0
VNF,value,erratic,285,lgb_tweedie,3.8,3.2,5.6,0.0,1.643100848927562,1.2967585609058883,2.235877531374814,-0.015938593032426063,,,0.4659090909090909,0.88,2.213142425349772,1.714985489070363,2.773132171604643,0.16300764173487448,0.06652855855434309,0.21859934669428574,0.995,1.0,2.7831840017719784,2.3274337961456326,3.3213485366106807,0.271786260614991,0.08979282004425386,0.35966116993279557,1.0,1.0,3.3532255781941886,2.8701760604013775,3.9652720375456445,0.1301045091709614,0.016047891578118402,0.2999672204667508,0.98,1.0,4.061436177157852,3.4155246682107134,5.391642509871101,-0.08160695446632082,-0.1663569746536154,0.10082397970879108,0.18,1.0
VNF,value,erratic,285,lgb_conformal,7.8,7.6,8.2,0.0,2.474195911780817,2.119343780004987,3.0050360939140432,0.48180844264647416,0.3619333915848857,0.6440243696969966,1.0,1.0,2.7547774094597903,2.3693153009967216,3.381826502445856,0.44763714335917393,0.35251934224422554,0.5738521039296974,1.0,1.0,3.5886509593808515,2.908125408138015,4.569800414864521,0.6398473767374342,0.4354615300493493,0.7477443892233515,1.0,1.0,4.681027679895523,3.964554842577065,5.969502072183068,0.5776005417007655,0.45735396994490707,0.7438797560791943,1.0,1.0,6.997686960598897,5.893243628512805,9.50117802965129,0.5823533250577921,0.46107474236799956,0.8104817228972317,1.0,1.0
VNF,value,erratic,285,hgb_quantile,3.2,2.595,3.805000000000001,0.03,1.7494265601794345,1.389798724616901,2.2282761413165284,0.04774041308557164,0.016105524787873388,0.08484815722855135,1.0,1.0,1.981293780619699,1.6176317346244473,2.503473802912488,0.04117104303321906,0.012472276751108104,0.08346614646644553,0.995,1.0,2.4064889550571675,1.8666782748761772,3.0922748197850938,0.09965406075015837,0.011815175868998664,0.14277945975105158,1.0,1.0,2.9943629915261702,2.436657092658982,3.742730079932897,0.009160594749109574,-0.0274534696942237,0.062246928886441115,0.67,1.0,4.344564959201758,3.3642212210504123,5.522091336884052,-0.01758440355638502,-0.06954964813480659,0.045305605105573334,0.3,1.0
VNF,value,erratic,285,lgb_quantile,2.4,1.6,3.0,0.905,1.669713736656786,1.3245596280778935,2.108658936370732,0.0,0.0,0.0,0.0,1.0,1.9029474492948273,1.5358733187793412,2.388839293191826,0.0,0.0,0.0,0.0,1.0,2.1884054640015758,1.7461939429538478,2.9949817097683926,0.0,0.0,0.0,0.0,1.0,2.9671818411326374,2.37168986603058,3.8294614469979353,0.0,0.0,0.0,0.0,1.0,4.422328976585126,3.483491654824701,5.682277062703945,0.0,0.0,0.0,0.0,1.0
VNF,value,erratic,285,chronos2,6.6,6.0,7.0,0.0,2.2422152521538035,1.6765831944681728,2.9354627860021405,0.34287405255664893,0.1952520466726634,0.47152185617344355,1.0,1.0,2.6813070685529237,2.131897090629534,3.3753212706570728,0.4090284361486347,0.28538915875461984,0.5193117768012921,1.0,1.0,3.120398884952041,2.6066245997612065,3.831548785203374,0.4258778532047178,0.21612483994525167,0.5679615457534096,1.0,1.0,3.5594907013511614,3.0335864650916897,4.322264984427605,0.19962000710830274,0.08610842765939104,0.4044080939282944,1.0,1.0,5.007793932632945,4.042781702762638,6.168657666647361,0.13238837706278206,0.01323476666613115,0.26790514205582144,0.99,1.0
VNF,value,intermittent,272,empirical,,6.0,6.802083333333334,0.0,,31.92767655127741,31.92767655127741,,,,1.0,0.005,,,,,,,,0.0,,,,,,,,0.0,,,,,,,,0.0,,,,,,,,0.0
VNF,value,intermittent,272,tsb,,6.0,6.964583333333334,0.0,,,,,,,,0.0,,,,,,,,0.0,,,,,,,,0.0,,,,,,,,0.0,,,,,,,,0.0
VNF,value,intermittent,272,tsb_nb,,5.75625,6.666666666666667,0.0,,23.90014812244707,23.90014812244707,,,,0.0,0.005,,,,,,,,0.0,,,,,,,,0.0,,,,,,,,0.0,,,,,,,,0.0
VNF,value,intermittent,272,ets,,5.43125,6.666666666666667,0.0,,22.318106419665444,22.318106419665444,,,,0.0,0.005,,,,,,,,0.0,,,,,,,,0.0,,,,,,,,0.0,,,,,,,,0.0
VNF,value,intermittent,272,lgb_tweedie,,4.5,6.5,0.0,,14.366244681165686,24.141722749318344,,,,0.3333333333333333,0.015,,,,,,,,0.0,,,,,,,,0.0,,,,,,,,0.0,,,,,,,,0.0
VNF,value,intermittent,272,lgb_conformal,,5.110416666666667,6.5,0.0,,17.316959345973554,29.15420200660876,,,,0.6666666666666666,0.015,,43.62220110074655,43.62220110074655,,,,1.0,0.005,,,,,,,,0.0,,,,,,,,0.0,,,,,,,,0.0
VNF,value,intermittent,272,hgb_quantile,,1.0,2.441666666666667,0.03,,21.672190841281694,79.97718951083776,,,,0.7333333333333333,0.075,,27.854582000451586,78.94542019019524,,,,0.16666666666666666,0.03,,47.87159425446918,57.90073222653743,,,,0.0,0.015,,80.07364944942469,80.07364944942469,,,,1.0,0.005,,,,,,,,0.0
VNF,value,intermittent,272,lgb_quantile,,1.0,2.3041666666666667,0.055,,19.23898787735411,75.72894122026187,,,,0.0,0.075,,29.439224006788805,91.32790083086421,,,,0.0,0.04,,53.99062536581947,87.2194267276224,,,,0.0,0.02,,76.92209136843104,76.92209136843104,,,,0.0,0.005,,,,,,,,0.0
VNF,value,intermittent,272,chronos2,,3.0,6.0,0.0,,18.229553107841454,116.24707088913493,,,,0.8571428571428571,0.035,,45.24020794105646,141.19454725548854,,,,1.0,0.02,,113.49893235232526,113.49893235232526,,,,1.0,0.005,,,,,,,,0.0,,,,,,,,0.0
VNF,value,lumpy,165,empirical,7.6,6.624375,8.8,0.0,13.043070984889056,8.315180845910179,20.360373379019276,1.4991144333745594,0.7069979330114295,2.001100401996563,1.0,1.0,14.74452942325994,9.615982163519877,23.235910583150545,1.4321113075356693,0.6895470139298743,1.9484537987756534,1.0,1.0,16.445987861630815,11.132007650769037,34.36373571670693,1.0514017279206498,0.4499284801395601,1.6572536074021267,1.0,1.0,19.293888580966687,12.90861281780319,36.83576413333036,0.7255578314739408,0.24552281204804843,1.3518998807287832,1.0,0.95,29.45455556848035,15.77252385727516,45.04799109801606,0.3266630163371924,,,0.9923664122137404,0.655
VNF,value,lumpy,165,tsb,4.9,3.0,7.8025,0.01,5.0886513980896835,3.3752157386106707,7.934466165307558,-0.024990190568549564,-0.1971546379452895,0.162489595249521,0.35233160621761656,0.965,6.237833104680317,3.9787310386068047,8.846922111811736,0.028931069477229565,,,0.45294117647058824,0.85,7.606795504101097,4.827217079319574,9.638933693805546,-0.05116107513017221,,,0.38613861386138615,0.505,,5.479004688344283,9.845720644709,,,,0.17647058823529413,0.085,,,,,,,,0.0
VNF,value,lumpy,165,tsb_nb,4.3,1.5950000000000002,6.6,0.255,5.212478527109559,3.3764247406233086,9.385720329110555,-0.0012643237281847464,-0.22100779190866648,0.30531202752336545,0.495,1.0,6.404130990389019,3.7873070652597045,15.182582836860139,0.05636191902427368,-0.20811426255709084,0.35215996972643226,0.53,1.0,7.5957834536684725,4.8800257631804485,20.904892294595438,-0.05253467089562569,-0.19412279123920168,0.39827560507001375,0.5,0.98,11.546768531344528,6.042108121029241,27.757001893536778,0.03269057369461148,,,0.6101694915254238,0.885,,8.11726803528123,29.592822503989783,,,,0.8555555555555555,0.45
VNF,value,lumpy,165,ets,4.7,2.7975,5.9,0.065,6.003777276339566,4.332740043136839,8.822417606508939,0.1503522800304713,-0.06966280177005478,0.2453507378666495,0.905,1.0,6.7079498158513875,4.902554550893653,12.498519470782266,0.10647685858169087,-0.1474563544595175,0.25055291439631394,0.725,1.0,7.412122355363205,5.432853574446253,13.41821131622023,-0.07544376565996236,-0.19225367376412056,0.21050181490109562,0.3917525773195876,0.97,9.713263779311815,6.1460658865625435,15.747685251103599,-0.13128977016597354,,,0.17261904761904762,0.84,,7.861636700808466,18.036061950083994,,,,0.12941176470588237,0.425
VNF,value,lumpy,165,lgb_tweedie,4.1,2.395,5.6025,0.065,5.710523421675806,4.143237374877185,8.616309779162814,0.09416344676551436,-0.13307245884670788,0.17583621741675506,0.8190954773869347,0.995,6.640916872034213,4.880591314470769,10.310640397507132,0.09541976913820083,-0.1760072094377345,0.21517201339504108,0.6532663316582915,0.995,7.571310322392614,5.637059028857504,12.829653683933612,-0.05558734393717968,-0.23423986822456436,0.21168256141218905,0.3160621761658031,0.965,9.630709522752815,6.375972477835516,16.455581204881852,-0.13867304820912651,,,0.13333333333333333,0.825,,7.881275639929179,17.34235589599934,,,,0.14705882352941177,0.34
VNF,value,lumpy,165,lgb_conformal,6.6,4.4,7.6,0.0,5.837637802964313,4.235775167870636,11.380809701774451,0.11851916677467655,-0.0017381508164899136,0.3572338519647921,0.965,1.0,7.6685321872551935,4.959837606343728,17.739676228846843,0.2649249975657082,0.011715750764491929,0.5722407046499951,0.985,1.0,10.608646560104184,6.926162655059528,41.91044720083023,0.32327690299895195,0.09742364626705374,1.5326188749279934,1.0,1.0,13.548760932953192,9.119968292852295,82.51518826010039,0.21173968827045964,0.08450392605609394,2.435160893317435,1.0,1.0,72.93796000214073,12.751459101807747,125.33441054510065,2.2851995949132515,,,1.0,1.0
VNF,value,lumpy,165,hgb_quantile,3.2,1.5975000000000001,4.6,0.31,5.220061383936429,3.929531566892087,9.07529611196,0.00018858770380836276,-0.04489746846745864,0.05598494497907903,0.49,1.0,6.169510364754096,4.338901183209137,11.774626660310762,0.01766122806240311,-0.07543734493654657,0.08746990313680808,0.605,1.0,8.091366627513533,5.219181156353169,16.928955322412865,0.009282240785673856,-0.08891096899772415,0.0760636569051692,0.55,1.0,10.730296236666462,6.826710057437033,29.587126368236717,-0.04033100287098956,-0.14341836502010638,0.07845996531732517,0.37185929648241206,1.0,21.040348200962534,9.52889890633225,37.8469318397047,-0.0523214059646423,,,0.3149171270718232,0.935
VNF,value,lumpy,165,lgb_quantile,3.0,1.4,4.8,0.335,5.219077130164452,3.9349881955681916,9.143485965002059,0.0,0.0,0.0,0.0,1.0,6.0624402253200325,4.277418061964952,12.307897400572761,0.0,0.0,0.0,0.0,1.0,8.016951354672429,5.131747193577744,18.361215263837604,0.0,0.0,0.0,0.0,1.0,11.181247147472416,6.558602165584306,32.29149028121495,0.0,0.0,0.0,0.0,0.995,22.201987396770853,9.710741321306974,39.75906211649522,0.0,,,0.0,0.925
VNF,value,lumpy,165,chronos2,6.6,5.24875,7.405000000000001,0.0,7.229877086482322,5.202325357909645,11.644543971648039,0.38527883496799564,0.09992826025101754,0.6015809564949243,0.99,1.0,7.793825990107351,5.6224486861191245,17.799711772294554,0.2855922203663326,0.056550868714942984,0.5927859922352536,1.0,1.0,10.224476861600383,6.376383296826747,24.655229380653825,0.2753572286105199,0.046322250868536245,0.6759233993106427,0.995,1.0,13.239860656607386,8.263120404993181,60.4604918049278,0.18411304946428375,0.035100756167283476,1.132072772157802,0.9898477157360406,0.985,35.791201591191296,11.31440343146873,76.97591776780969,0.6120719713766216,,,0.9617834394904459,0.785
