model,horizon,group,n_series,SQL,RMSSE,cov_0.5,cov_0.8,cov_0.9,cov_0.95,cov_0.99
empirical,3,all,29917,0.3813250858851636,0.7761980978416191,0.5007715791467504,0.7628522244877495,0.8576366837138305,0.9092252454011654,0.9552818352998853
empirical,3,smooth,15705,0.214831669347775,0.7085033050946303,0.5235752944922,0.7759895999151014,0.8652048179985143,0.9144778732887615,0.9583917011567442
empirical,3,erratic,1671,0.247323805339297,0.6585009733466471,0.5101486136046279,0.7808946738479952,0.8789397566327549,0.9292838619589068,0.9690055854777578
empirical,3,intermittent,10360,0.6367239919412747,0.8960849656395441,0.4757400257400258,0.7461027992277992,0.8448640604890604,0.8982142857142857,0.9476793758043759
empirical,3,lumpy,2181,0.4697077451105281,0.7843552114299065,0.4482844261042335,0.7339905242243618,0.8474896836313618,0.9083371542106068,0.95848616842427
empirical,13,all,29917,0.41352278076163973,0.5997858243036194,0.46578390690434013,0.7000916822255859,0.7856259460698408,0.8298697825889724,0.866225127614973
empirical,13,smooth,15705,0.20228845980341567,0.5488871719641398,0.5068858871151135,0.7257333879110385,0.8050120525765225,0.8451084731887024,0.8783053622595169
empirical,13,erratic,1671,0.24117102323566753,0.527567436823171,0.5099170727536975,0.7565615114986749,0.8405146618791143,0.8761220825852782,0.9039924767034282
empirical,13,intermittent,10360,0.7349616281348257,0.6867593622705745,0.4101765030336459,0.6574600110314396,0.748503861003861,0.7992002206287921,0.8416436845008275
empirical,13,lumpy,2181,0.5397622758045573,0.6084948601283326,0.40014410165716907,0.6746905089408528,0.780310473570446,0.8303857994366934,0.8670662212615445
tsb,3,all,29917,0.2963014393123919,0.5949334941035952,0.5636316029904959,0.7334834709362569,0.8019882786821317,0.8457524150148745,0.9023019242125436
tsb,3,smooth,15705,0.19627621018260535,0.5657855606016773,0.5428817786267642,0.7189987265202165,0.7912554388199088,0.8375570412819696,0.897614878488804
tsb,3,erratic,1671,0.22680014256777625,0.5220754080592489,0.5593955715140634,0.6948434071414323,0.75229403550768,0.7925144623977659,0.8503391182924396
tsb,3,intermittent,10360,0.4511440299269635,0.6569989166463402,0.5872265122265123,0.7596122908622909,0.826230694980695,0.8679013835263836,0.9195664414414415
tsb,3,lumpy,2181,0.33429486048460283,0.5658259195437072,0.6042144276325844,0.7432752559987773,0.8021931835549443,0.8403446431300626,0.8938560293443375
tsb,13,all,29917,0.3782501290651698,0.5065317773714288,0.5011746785153209,0.6147173847645152,0.6676089562074119,0.7063805098868775,0.7660049947712481
tsb,13,smooth,15705,0.22444709880623684,0.4796394157291346,0.4954200209214536,0.6084913812707511,0.6623550279710738,0.7019193159594307,0.7636285077545822
tsb,13,erratic,1671,0.2789620602751254,0.48572145403897604,0.5164999572539968,0.5970761733777892,0.634692656236642,0.6625203043515432,0.7143712062922117
tsb,13,intermittent,10360,0.612163380584918,0.5504573943223883,0.5022062879205736,0.6265581908439051,0.6826392719249862,0.7230350248207391,0.7825703254274683
tsb,13,lumpy,2181,0.45071490092216965,0.5074713455827171,0.5259710486670597,0.6168205934368245,0.6592650815484378,0.692997969476649,0.7439903058885176
tsb_nb,3,all,29917,0.26430781697908307,0.6054587506093839,0.5246682488217401,0.7941610678432552,0.8857157580416932,0.9317291729340063,0.9737677017526268
tsb_nb,3,smooth,15705,0.16987705429295816,0.5738467065509039,0.5098482436591318,0.7939934203544519,0.8889260320492411,0.9355486575400617,0.9774222646715485
tsb_nb,3,erratic,1671,0.19516129973737542,0.5536468565742142,0.43172750847795727,0.8043836026331539,0.9090115699182127,0.9501545980450828,0.9823957709954119
tsb_nb,3,intermittent,10360,0.412121730919993,0.6654180761864016,0.5631475225225225,0.7917390604890606,0.8755228442728442,0.9219916344916346,0.9670045045045046
tsb_nb,3,lumpy,2181,0.2951316637781017,0.5879742086072273,0.519811248662693,0.7990409598043711,0.8931682714351215,0.936363289011157,0.9729672932905397
tsb_nb,13,all,29917,0.3377285070943915,0.5096956838246841,0.4883964683242686,0.6674227266866903,0.7471623873669533,0.8016560101996476,0.8761693065099156
tsb_nb,13,smooth,15705,0.18669321582821408,0.4824068076875952,0.48610542593350614,0.6680856869968618,0.7499704370764543,0.806931368535953,0.8838722881702825
tsb_nb,13,erratic,1671,0.21964893633572177,0.49340906378335764,0.46806873557322387,0.7115499700777977,0.8012310848935624,0.8541078909121997,0.9154911515773275
tsb_nb,13,intermittent,10360,0.5749254635244813,0.5532142023572374,0.4938292884721456,0.6560121345835632,0.7295159955874241,0.7809087148372863,0.8550330943188086
tsb_nb,13,lumpy,2181,0.38906263981210104,0.5119583568300873,0.494661688609419,0.6830418549813323,0.7693390973996201,0.822034453396214,0.8909739962009563
ets,3,all,29917,0.2527343432198829,0.5955364395111806,0.5383435839154995,0.8148864636605719,0.8927407494066919,0.9319116221546276,0.969614544684739
ets,3,smooth,15705,0.169015941483967,0.5726817760803534,0.5249920407513531,0.8156691075029183,0.8975167144221585,0.9376101029396159,0.974527751246949
ets,3,erratic,1671,0.1848367410684681,0.5216439555177605,0.5435866746459206,0.8723319369638938,0.9319519249950129,0.958458009176142,0.9816227807699981
ets,3,intermittent,10360,0.3818989239238333,0.6480510220648685,0.5503378378378379,0.7989422458172457,0.876459942084942,0.9179375804375804,0.9605333011583012
ets,3,lumpy,2181,0.29404994907254167,0.567272227992582,0.5734945743542716,0.8409750878801773,0.9056434357328442,0.9369173162158032,0.968172092312395
ets,13,all,29917,0.285918095745198,0.5243786850804509,0.4928635892636294,0.8046619456687311,0.8837975541856278,0.9231421217750061,0.9613215610808953
ets,13,smooth,15705,0.16147213281650283,0.49847408461749193,0.4922727065993541,0.8096284167917406,0.8902396870878246,0.9291353981898395,0.9662709783053622
ets,13,erratic,1671,0.201038894522086,0.5111655887902538,0.5128665469778576,0.8733435923741131,0.930067538685133,0.9561426006668376,0.9822176626485424
ets,13,intermittent,10360,0.47833119737036917,0.5660900445043477,0.486865692222835,0.7799503585217872,0.8626516822945394,0.9061431329288472,0.9492829564258135
ets,13,lumpy,2181,0.3330786918947645,0.5229028256307126,0.5102836182616101,0.8336608370996267,0.902403877644593,0.9354490076635882,0.9668566188511168
lgb_tweedie,3,all,29917,0.24407459860049413,0.5720335331845477,0.5264829918329601,0.7788088712103486,0.8604138115452753,0.9052865706231686,0.9526356252298025
lgb_tweedie,3,smooth,15705,0.1666721331649563,0.5490382595233706,0.4982250875517351,0.7674705507800064,0.8563249495914252,0.904958611907036,0.9556855566167888
lgb_tweedie,3,erratic,1671,0.18621774300621566,0.49909343341925705,0.5463544783562736,0.7939357670057848,0.866771394374626,0.9054209056453221,0.9477608218631559
lgb_tweedie,3,intermittent,10360,0.36067036346585735,0.6235503843828284,0.5540982947232947,0.7886100386100385,0.8644264800514802,0.906579794079794,0.9512588481338482
lgb_tweedie,3,lumpy,2181,0.29192072485358816,0.5487914887748282,0.5835625859697386,0.802307809873147,0.8659254164756228,0.9014022619593458,0.9409483417392632
lgb_tweedie,13,all,29917,0.27149610375203975,0.48052126719767213,0.45806254446826694,0.7166684971277678,0.8043467880182791,0.8547648494167196,0.9139715116584456
lgb_tweedie,13,smooth,15705,0.1663853766590659,0.46404415052932024,0.4195160776822668,0.687001409924046,0.7834902442352298,0.8392595624687316,0.9058852958566427
lgb_tweedie,13,erratic,1671,0.19879691142259975,0.4398444004387701,0.49952979396426433,0.7396768402154399,0.8131144737967001,0.8547063349576814,0.9071984269470805
lgb_tweedie,13,intermittent,10360,0.43144073591533505,0.5144402490265848,0.49238141202426916,0.7456425813568671,0.826530612244898,0.8725868725868726,0.9250206839492554
lgb_tweedie,13,lumpy,2181,0.3243241322554371,0.46921613647005006,0.5408397196567761,0.7750376629331238,0.8424379380362874,0.8818038907447436,0.9249033863889435
lgb_conformal,3,all,29917,0.24562236255448391,0.5788982529732504,0.4885892636293746,0.7987501532016357,0.9018200354313601,0.952350113090662,0.9906895187797351
lgb_conformal,3,smooth,15705,0.1672974793978276,0.5494190094738697,0.49928632070465884,0.7974424281014539,0.8991669319749549,0.9503395946089356,0.9896423644274648
lgb_conformal,3,erratic,1671,0.18153322995421609,0.5010633209266151,0.4940155595451825,0.8004189108318372,0.9053959704767605,0.9561141033313386,0.9919708757231199
lgb_conformal,3,intermittent,10360,0.36496380857176625,0.6397015270512961,0.4733872265122265,0.7989261583011583,0.9037001287001287,0.953289897039897,0.9916948198198199
lgb_conformal,3,lumpy,2181,0.29184329323366287,0.5619848055450739,0.4796156197462937,0.8060522696011004,0.909254164756228,0.95947959651536,0.9924728717713588
lgb_conformal,13,all,29917,0.2704222713142792,0.4807747251323802,0.45517121178116593,0.772723582864974,0.8868321403502071,0.9447733968742092,0.9898266155410923
lgb_conformal,13,smooth,15705,0.15091466412451823,0.45812241389063435,0.47074180197389365,0.7698412698412699,0.8803747669077182,0.9391731477691363,0.9874835129849457
lgb_conformal,13,erratic,1671,0.1808697150450345,0.4420622521213189,0.45550141061810717,0.7681456783790714,0.8901427716508508,0.9460972899033941,0.9872189450286398
lgb_conformal,13,intermittent,10360,0.45322995041191405,0.5222310297364702,0.4366036955322669,0.774503585217871,0.891850523993381,0.9494966905681191,0.992919194704909
lgb_conformal,13,lumpy,2181,0.3312300370133195,0.47662790016893586,0.4309949564419991,0.7885308181044082,0.90695617999607,0.961649308967053,0.9940066810768324
hgb_quantile,3,all,29917,0.21774584720726411,0.5719647334675184,0.4908636115475037,0.7683215228799678,0.8700655145903669,0.9291303160967567,0.9818414279506635
hgb_quantile,3,smooth,15705,0.15707604524863522,0.5487022153667389,0.4708691499522445,0.7609015175634087,0.8676323888358273,0.9283826806749443,0.9829247585694576
hgb_quantile,3,erratic,1671,0.17051236103649595,0.4976895695599484,0.5015459804508279,0.7675792938360263,0.8650259325753042,0.9217285058846998,0.9762118491921006
hgb_quantile,3,intermittent,10360,0.3087169710418404,0.6247339379611504,0.5104930823680824,0.7768098455598456,0.8734958172458174,0.9316642535392535,0.9822112290862289
hgb_quantile,3,lumpy,2181,0.2586837436884238,0.5457211237051446,0.5334135717560752,0.781999847164909,0.8751528350909369,0.9281484028732997,0.9765971267002902
hgb_quantile,13,all,29917,0.23450996300195365,0.47399628022150647,0.43562427477927024,0.7225514399362044,0.8368939781013185,0.9034041801364727,0.970399056437095
hgb_quantile,13,smooth,15705,0.1478948736378344,0.4577405397942985,0.41375812980397514,0.7092418247146042,0.8291763314685952,0.8988220312002547,0.9691499522445082
hgb_quantile,13,erratic,1671,0.17684424438439628,0.43469409948066795,0.46298196118662904,0.7261263571856031,0.8256817987518168,0.8933059758912542,0.9621270411216551
hgb_quantile,13,intermittent,10360,0.36600065192501924,0.5084743330342889,0.45244070601213454,0.7358866519580806,0.8482694429123,0.9114382239382239,0.9741243794815223
hgb_quantile,13,lumpy,2181,0.27779554623463176,0.45738817397979015,0.49223816073884846,0.7523089015523678,0.8470229907643938,0.9059736686971901,0.9680356324097726
lgb_quantile,3,all,29917,0.2153116820202756,0.5705679794078163,0.4884458111887333,0.7738284253100244,0.8787450836202383,0.9356149235106016,0.9857564261122439
lgb_quantile,3,smooth,15705,0.1555576701401708,0.5478533315661371,0.4678950440411758,0.7664358484559057,0.8749548975910009,0.9342910962538471,0.9863392762389896
lgb_quantile,3,erratic,1671,0.16786801992257247,0.4962780246913274,0.4991023339317774,0.7736385397965291,0.8729553161779374,0.9284360662278077,0.9820965489726712
lgb_quantile,3,intermittent,10360,0.30538962293550154,0.622812485916907,0.5086269305019305,0.7821710102960103,0.8839929214929214,0.9387870012870013,0.9861486486486486
lgb_quantile,3,lumpy,2181,0.2540588842488715,0.5428829593485076,0.5324010392786183,0.7875783279841051,0.8855456212746446,0.9355800091701054,0.9825003820877272
lgb_quantile,13,all,29917,0.22848033667974976,0.4716244509945948,0.4367225514399362,0.7326913985837007,0.8487577535944685,0.9134319235599446,0.9793356858737747
lgb_quantile,13,smooth,15705,0.14576594938768048,0.45622579678069675,0.4159639787146951,0.7180106426524765,0.8388411333970073,0.9068540501205257,0.9786646654841498
lgb_quantile,13,erratic,1671,0.17356691397431748,0.43415246032826565,0.46477729332307427,0.7346328118320936,0.8381208856971873,0.9023253825767291,0.9721296058818502
lgb_quantile,13,intermittent,10360,0.3540001653888132,0.5046679143214358,0.4516547159404302,0.7482004964147821,0.8627895752895753,0.9244760066188639,0.9818463872035301
lgb_quantile,13,lumpy,2181,0.2699312107452373,0.4542568584987831,0.4937774284404271,0.7632475273465644,0.8616624091177049,0.9168467937381279,0.9777624942686841
