dataset,window,h,group,q,mean_tsb,median_tsb,mean_tsb_nb,median_tsb_nb,mean_hgb_quantile,median_hgb_quantile,mean_lgb_quantile,median_lgb_quantile,n_series,lgbq_better_than_tsbnb_share
M5,main,3,all,0.5,0.3819137424658987,0.285033180118088,0.3885503976729739,0.29083694667568155,0.35817411498640717,0.27595106963755023,0.3566299868145744,0.2754484189595845,30381,0.6389190612553899
M5,main,3,all,0.8,0.34945128579226353,0.22816913433458347,0.33333904295183875,0.2194309993231337,0.29295746843440795,0.20986156174640722,0.2887017523051423,0.20814802207598004,30381,0.6256212764556796
M5,main,3,all,0.9,0.28750052083331606,0.16049186323780992,0.2518950697180331,0.14431057674130085,0.20754448802692607,0.13661236538334823,0.20412661952116748,0.13526125409135792,30381,0.6075836871729041
M5,main,3,all,0.95,0.23493852000230198,0.10635504499998545,0.18486146894825395,0.08801305238346528,0.14098619371906246,0.08271795398303308,0.13713835840600505,0.08207266899104171,30381,0.5926072216187749
M5,main,3,all,0.99,0.16173091096821238,0.03638698683615074,0.09616080114666596,0.023300061780895647,0.05646593649461888,0.022740193930989902,0.05439999526785569,0.02290282856294636,30381,0.5266449425627859
M5,main,3,smooth,0.5,0.3018689397359245,0.2687360308042009,0.3055663063974207,0.2725290862213123,0.2874974874905763,0.2605909321930582,0.2866337532037969,0.26045263705611865,16102,0.6433362315240343
M5,main,3,smooth,0.8,0.2517164621775106,0.20791225792885615,0.23810717986623658,0.1983071844545389,0.22135023939789936,0.19279885062336344,0.21866918479897623,0.19074360963328055,16102,0.6194882623276612
M5,main,3,smooth,0.9,0.1932160944997835,0.1439718699667328,0.1655461162504192,0.127734863931349,0.14897496540294272,0.12380210048030788,0.1466394861396108,0.12256822732442425,16102,0.5998633710098125
M5,main,3,smooth,0.95,0.1472543286460424,0.0938922513955242,0.10942164207314857,0.07711352858844449,0.09477773041933052,0.07360256102531693,0.09250528052125563,0.07324589692361783,16102,0.5834057881008571
M5,main,3,smooth,0.99,0.08721269752520774,0.031069232031962973,0.040386919725143806,0.020571033371338816,0.03034029419402302,0.020174572999368652,0.029373616116688744,0.020443076140557837,16102,0.511675568252391
M5,main,3,erratic,0.5,0.2988477039338634,0.25698193543575937,0.3233292188998629,0.2829861111111111,0.27904911875168376,0.23922654143216232,0.279105580526516,0.2382796500927469,1777,0.7810917276308385
M5,main,3,erratic,0.8,0.2628484523787702,0.21049844778756083,0.25491033107098926,0.20648034131933038,0.22853169983579527,0.1863880073924856,0.22547280113861698,0.18548487487011245,1777,0.7039954980303883
M5,main,3,erratic,0.9,0.2156763886623508,0.15816529488769812,0.18795766288811175,0.147698993996241,0.16048258553422465,0.12263288960856404,0.15767068305745172,0.12306395257367053,1777,0.6983680360157569
M5,main,3,erratic,0.95,0.1769002156029793,0.11575757575757581,0.13041856706844634,0.09919106413365394,0.10548765118548005,0.07673124389219003,0.10297449067679283,0.0754225556516362,1777,0.7096229600450197
M5,main,3,erratic,0.99,0.12204918825854032,0.05528672427337,0.04829483291870699,0.031709279886201196,0.0368696197500143,0.02162184549824084,0.03501607751872804,0.02141603305101626,1777,0.7231288688801351
M5,main,3,intermittent,0.5,0.515405883797487,0.3178794999291554,0.5214096792980358,0.3217742049321924,0.4757099746769592,0.3091516011294378,0.4730494791555865,0.3086954216130626,10285,0.5951385512882839
M5,main,3,intermittent,0.8,0.5105923197070387,0.26014011771966566,0.48863952380837505,0.2537393315125112,0.4077939932449677,0.2409349232027211,0.4012616649760472,0.2386277300171691,10285,0.610889645114244
M5,main,3,intermittent,0.9,0.4413604717069722,0.18327624782643712,0.3933308650507921,0.16964571783921814,0.3010062936463714,0.15854416916633812,0.2959838435971132,0.15629078256467543,10285,0.5911521633446767
M5,main,3,intermittent,0.95,0.3768028729272337,0.12116564984307086,0.310005728586719,0.10312318148188934,0.21519815068882564,0.0960632851376474,0.20904342072352744,0.09545897182665382,10285,0.5706368497812349
M5,main,3,intermittent,0.99,0.28181311196655945,0.037806045343480026,0.193733646120011,0.025927145550372944,0.0994821586207667,0.0265915070625181,0.09593153570218847,0.02685848335549669,10285,0.48653378706854644
M5,main,3,lumpy,0.5,0.41056646706404293,0.31059298100030097,0.4271837584691008,0.32950679630798296,0.3896508210439825,0.29903576776701446,0.38706108507678066,0.29806626059920127,2217,0.6959855660802887
M5,main,3,lumpy,0.8,0.381153509972267,0.2665361347345181,0.3674057253186231,0.26315790228471975,0.3319338036030991,0.24378152572076772,0.3258436315955999,0.239411957984629,2217,0.6756878664862427
M5,main,3,lumpy,0.9,0.31607504539569486,0.20052520317383474,0.2741505797202266,0.18760102528127623,0.23707122831782232,0.16332558158553032,0.23275019696128796,0.16276706509018368,2217,0.6671177266576455
M5,main,3,lumpy,0.95,0.2601753473830708,0.14785060560814436,0.19585308762292764,0.12226463727382586,0.16076950842381937,0.10115653886527147,0.15511194754417668,0.09934856025237347,2217,0.6675687866486243
M5,main,3,lumpy,0.99,0.17768095916232557,0.0704783275556412,0.08695563815143782,0.03694121644070483,0.06236395300879413,0.029359879933169783,0.05903151785025415,0.02894712608391268,2217,0.6639603067207939
VN1,main,3,all,0.5,0.4949323303580305,0.24114974519860816,0.48713677304094555,0.2442102656536854,0.4246430051722117,0.22057029149903656,0.42797168004558156,0.22020453759272984,13844,0.458682461716267
VN1,main,3,all,0.8,0.5210388408664126,0.20569265213219584,0.5116960521166074,0.21317961147003264,0.450917880865452,0.20811542282208007,0.44485390125921115,0.20775908439727497,13844,0.43571222190118464
VN1,main,3,all,0.9,0.47675588953057557,0.1506061760885896,0.4419060976829186,0.15214250978634794,0.3730451987878191,0.15418961662285383,0.37065057509809435,0.15627183259784055,13844,0.4112973129153424
VN1,main,3,all,0.95,0.42853629940137855,0.10225003106338452,0.36691118926745553,0.1014915863504505,0.2915636159603366,0.11342828226990975,0.2885408085093916,0.11337486590048218,13844,0.4011123952614851
VN1,main,3,all,0.99,0.3486783654325641,0.034755780732420964,0.2467049235149256,0.03194080250996548,0.1519140879804911,0.045617979093667174,0.1472906169573168,0.04820228637991901,13844,0.34643166714822304
VN1,main,3,smooth,0.5,0.49270068120391064,0.36752268254556864,0.49261285314171893,0.37020760505228345,0.43187330819389463,0.3432073318602311,0.4301352313213368,0.34099601243857103,2596,0.6779661016949152
VN1,main,3,smooth,0.8,0.4353834674893425,0.28932841645191937,0.411892846788595,0.27446939221039784,0.3667109172873596,0.27669532408457087,0.3635169868775976,0.2724406799717934,2596,0.5323574730354391
VN1,main,3,smooth,0.9,0.373875889701624,0.21818497622585942,0.3132189355754958,0.18369588743676735,0.26481826812364506,0.191938721425458,0.26381550405481874,0.192003316077636,2596,0.48112480739599384
VN1,main,3,smooth,0.95,0.32417244941532875,0.16510310536419043,0.23169275461500707,0.11738789699189266,0.17839404065489103,0.12343938992701771,0.1778362364118299,0.1257098771869348,2596,0.46147919876733434
VN1,main,3,smooth,0.99,0.25239916023399045,0.09240173514902034,0.1203428983635057,0.03355976766789778,0.06726946937798381,0.040851175047339955,0.06631240458329905,0.04426354547915534,2596,0.36093990755007704
VN1,main,3,erratic,0.5,0.5125870216132262,0.3208048709120918,0.5255608594888004,0.3421052478944099,0.39236735327374733,0.26691812643319374,0.3908863451771898,0.2652334344203436,1901,0.7590741714886902
VN1,main,3,erratic,0.8,0.4744556113566697,0.2672623512120154,0.46535710494530586,0.27625484581119214,0.3604097377183555,0.2282582775832848,0.3584496188527652,0.2270641643932284,1901,0.6675433982114677
VN1,main,3,erratic,0.9,0.4282500165105297,0.21092551004669502,0.3614993407203563,0.19191124537393742,0.27368768108879316,0.1615344752694119,0.2719781802453329,0.16156740230679636,1901,0.6543924250394529
VN1,main,3,erratic,0.95,0.390031651489909,0.16741741166384316,0.2717572422173542,0.13163742690058494,0.1930101628726354,0.1056294035806658,0.19145951527745983,0.10682602803796677,1901,0.6570226196738559
VN1,main,3,erratic,0.99,0.33259500518269014,0.11393042632235782,0.13940623691607026,0.04606496890976565,0.08083764779820109,0.035902408355163264,0.07593136744377277,0.0381355123525091,1901,0.5949500263019464
VN1,main,3,intermittent,0.5,0.44792352802944707,0.15143368942694302,0.43816497020059864,0.1402116433953603,0.4083815205745158,0.12807150582516447,0.41655374083963403,0.12522885678099133,6539,0.29438752102768007
VN1,main,3,intermittent,0.8,0.5385066964687637,0.16074074585055145,0.5323486098672847,0.16153845561326624,0.501198284906057,0.1667207789786256,0.49464881846980446,0.16498943511301448,6539,0.3252790946627925
VN1,main,3,intermittent,0.9,0.5024127420533941,0.11831527130209357,0.4917876059027805,0.1222222222222222,0.4442273611365079,0.1401710814882001,0.4412977278839688,0.14182992717322573,6539,0.29683437834531273
VN1,main,3,intermittent,0.95,0.44987857944956017,0.07666667093171044,0.4314199433702353,0.08143939305681837,0.36977694002291106,0.11966462221522559,0.3638538028153114,0.11934179344353636,6539,0.279553448539532
VN1,main,3,intermittent,0.99,0.3559581139557823,0.02250000000000002,0.3212873742449036,0.025212672421400496,0.21193076613003742,0.0629486115150203,0.20592845426137996,0.06407704967450291,6539,0.24070958862211347
VN1,main,3,lumpy,0.5,0.594512939886013,0.1983687533421573,0.5701020602539258,0.18611846510116298,0.4776771915678757,0.1712987290549629,0.4776670315201695,0.17394975459003512,2808,0.4351851851851852
VN1,main,3,lumpy,0.8,0.5910864764793476,0.16559775732826204,0.5872417730825921,0.17831051726136088,0.47295267272793134,0.169164245760217,0.46258759319270615,0.16494954984830307,2808,0.4465811965811966
VN1,main,3,lumpy,0.9,0.5449595880777106,0.11488440458440896,0.49915322573385296,0.1321686204523649,0.37460345859977345,0.12398329646759379,0.3717041131951774,0.12405543899628099,2808,0.44871794871794873
VN1,main,3,lumpy,0.95,0.501388408022614,0.0765694898945058,0.40611773008722796,0.09107704901567806,0.2807735182991833,0.08595441284502639,0.2812291766834527,0.0861113051254343,2808,0.4551282051282051
VN1,main,3,lumpy,0.99,0.43162459368654704,0.024687088866856048,0.26248696596299675,0.032686167758355464,0.13852544277349638,0.03504618902860662,0.1339147460587869,0.03647000580071459,2808,0.41096866096866097
M5,w26,3,all,0.5,0.395461769604498,0.28272202992391543,0.4000263402143279,0.28703703576972295,0.3653822853016806,0.2746555011566534,0.36468236231713774,0.2739089107334634,29917,0.6070795868569709
M5,w26,3,all,0.8,0.3644727410028451,0.2202210634466179,0.3485612602806719,0.212782198586523,0.29982773833217746,0.20720117307429092,0.29828209482991497,0.2060747622484143,29917,0.5737540528796337
M5,w26,3,all,0.9,0.30149178577479435,0.15186567218220293,0.26662663941564396,0.13903166121486674,0.21489896296067862,0.13482952724476155,0.21183194878406764,0.13411554838717374,29917,0.5692415683390715
M5,w26,3,all,0.95,0.24794677752840527,0.09865226256143023,0.19888384867506992,0.08439092442530402,0.14661584415925005,0.0819812716791365,0.143693225165051,0.0809385775194721,29917,0.5685062004880168
M5,w26,3,all,0.99,0.17213412265141714,0.030736149805944142,0.10744099630970196,0.022657251509725963,0.0620044052825339,0.022655876736062723,0.0580687790052067,0.02283415120008513,29917,0.5129859277333957
M5,w26,3,smooth,0.5,0.3020588011590569,0.26580813978176526,0.30481340708118326,0.2687489752384241,0.2889717327042522,0.258604190051347,0.28882178096988514,0.2582220981713961,15705,0.6107609041706463
M5,w26,3,smooth,0.8,0.250791505920855,0.20199779796561934,0.23614396742324392,0.19378011647555837,0.2230590897336184,0.19001098129312796,0.22116880115407608,0.18938549844162134,15705,0.5740210124164279
M5,w26,3,smooth,0.9,0.1927842928846192,0.13722861192964708,0.1629150086637235,0.12401149666763121,0.1497756461862516,0.12221294019886765,0.14746190012605712,0.12112358025438945,15705,0.5699458771092009
M5,w26,3,smooth,0.95,0.14747994231065345,0.08802415381073896,0.10701156113343764,0.07480126222833067,0.09410983241127317,0.07307213435889116,0.09216798539152943,0.07214770559926702,15705,0.5698185291308501
M5,w26,3,smooth,0.99,0.08826650863784212,0.026932927252652013,0.038501327163202564,0.02009483626284108,0.029463925207780826,0.01983937482505746,0.02816788305930642,0.019968952522247806,15705,0.5160776822667941
M5,w26,3,erratic,0.5,0.31236792500464566,0.2535730274522268,0.3304720509695361,0.2768729779307699,0.29301055844424123,0.24264487195326648,0.29192961405648915,0.24062509528617185,1671,0.75344105326152
M5,w26,3,erratic,0.8,0.2740067204634258,0.2067186808886062,0.2651514219081969,0.20425345801869155,0.23970809195709847,0.18693383609827793,0.23723606747029372,0.186913376752989,1671,0.6834230999401556
M5,w26,3,erratic,0.9,0.2265722718269417,0.15201238390092878,0.195458066602812,0.14781297361030363,0.16914629400959974,0.12517247682734375,0.16561634629243022,0.12397223399276218,1671,0.6858168761220825
M5,w26,3,erratic,0.95,0.18788236050315615,0.11103406390227906,0.13493607847123779,0.09980849237492391,0.1112026899255893,0.07769449958369773,0.10797128780193706,0.07597482517254608,1671,0.7121484141232794
M5,w26,3,erratic,0.99,0.13317143504071186,0.05286468465194936,0.04978888073509436,0.031355932782631456,0.03949417084595092,0.021737532267541767,0.03658678399171237,0.021321853970260533,1671,0.7229204069419509
M5,w26,3,intermittent,0.5,0.5418611826268509,0.31416748531320265,0.5455796912332417,0.3177431306893749,0.48335627242430784,0.3071629805228789,0.4823954185617488,0.30649036993496714,10360,0.5694015444015444
M5,w26,3,intermittent,0.8,0.5418403584705959,0.25064197530864196,0.5223509053889032,0.24605455701142587,0.41441583063533216,0.23849564901667425,0.41374234367265084,0.23760861155767612,10360,0.5518339768339768
M5,w26,3,intermittent,0.9,0.46965807722321834,0.17123296992324266,0.4277358470678182,0.16142224083553794,0.3109989222695715,0.15720028766401736,0.30717233538365407,0.15565810123443186,10360,0.5456563706563706
M5,w26,3,intermittent,0.95,0.40224747603275296,0.10863553785509397,0.3436475757382262,0.09796193656618138,0.2238639029613834,0.09539694846925287,0.22019688589937123,0.09466552749471899,10360,0.5386100386100386
M5,w26,3,intermittent,0.99,0.30011305528139914,0.031103359522872093,0.22129463517177542,0.025068878413687976,0.11094992691860742,0.02687636772983698,0.10344113116008255,0.0270446182728774,10360,0.45733590733590734
M5,w26,3,lumpy,0.5,0.43628960768355846,0.3123081606785478,0.4475328123042579,0.3226950289132065,0.4106598540916742,0.2969853549131971,0.4075310600282688,0.29836134525135455,2181,0.6474094452086199
M5,w26,3,lumpy,0.8,0.4098665971780521,0.25828093895620274,0.39644328729811085,0.2558233088496141,0.35438020008020277,0.24055517386935063,0.3518832002339654,0.23819387615201038,2181,0.5919303071985328
M5,w26,3,lumpy,0.9,0.342866799182125,0.18428184281842822,0.30267544952688913,0.17524841190403279,0.26240873889809224,0.1611821527789716,0.2578803122713971,0.15938717682318562,2181,0.5868867491976157
M5,w26,3,lumpy,0.95,0.28446399506116227,0.12513441886774032,0.22179021615679337,0.113541663140249,0.18489755256655077,0.09989476130561706,0.1786851200615952,0.09793956428471756,2181,0.5910132966529115
M5,w26,3,lumpy,0.99,0.19798730331811626,0.04782733914437285,0.10721655360445696,0.03378959139927691,0.0810723728055992,0.02911735893799066,0.07431472864913102,0.02902991308106319,2181,0.594222833562586
VN1,w26,3,all,0.5,0.727154874519076,0.236586029324854,0.7307206307310081,0.2430581582507393,0.6264791451820533,0.21971702116099548,0.6064333453056777,0.2193470274472421,11442,0.45464079706345045
VN1,w26,3,all,0.8,0.8823061334197543,0.19579831122753788,0.8569727931029691,0.20958577944040374,0.6728237273449534,0.20026481100131877,0.662587371782593,0.1992886171947179,11442,0.44546407970634505
VN1,w26,3,all,0.9,0.8699510232328731,0.13777484634421155,0.8150600920638895,0.15018036043023336,0.5850072134225015,0.14342059223746778,0.580126817856363,0.14206989493375183,11442,0.43821010312882364
VN1,w26,3,all,0.95,0.8311582706943318,0.09256041321977662,0.7512830536087827,0.10149191301080358,0.5014351849309864,0.09960374082931628,0.49456684602763207,0.09860592404526822,11442,0.4491347666491872
VN1,w26,3,all,0.99,0.749701176079769,0.030384966162396224,0.6332696218438885,0.032652186936746375,0.3548396952272955,0.036452655307055264,0.3499341558134046,0.03850040244325656,11442,0.40569830449222166
VN1,w26,3,smooth,0.5,0.4159955613688482,0.3362290829276392,0.41947649638502027,0.33880865067669697,0.3994475109245589,0.3228219585414644,0.39587411331338396,0.3239578889855852,2265,0.5735099337748344
VN1,w26,3,smooth,0.8,0.3562633517807617,0.25814683910219977,0.33892822216032453,0.2557534156182541,0.3265261525252662,0.25463165442993047,0.3245257692323659,0.2534849225647574,2265,0.4878587196467991
VN1,w26,3,smooth,0.9,0.2937016810357994,0.18784084585420144,0.2457848200375891,0.17202436671821217,0.23001882444193728,0.1716604291307773,0.22958471215050694,0.1694561066092345,2265,0.4649006622516556
VN1,w26,3,smooth,0.95,0.24424162764001559,0.1321839080459771,0.17092819353161642,0.10860655737704929,0.1531770312983765,0.10545294490209961,0.15121041771637267,0.10644069499340045,2265,0.4613686534216336
VN1,w26,3,smooth,0.99,0.17600806438316827,0.05937709841538787,0.07483683140209854,0.03115348298533905,0.05403465845583599,0.03167176921020482,0.05265423379445903,0.034963295153650466,2265,0.3598233995584989
VN1,w26,3,erratic,0.5,0.36994688559855293,0.2465277777777778,0.39674971965539174,0.2814918264459789,0.3321400461098815,0.2223740835654958,0.3288382811836761,0.22240634194861472,1629,0.7550644567219152
VN1,w26,3,erratic,0.8,0.3253601604454684,0.18760772173688062,0.32871410711212024,0.21861861486202472,0.2889186924792605,0.18571993732798,0.28787090018366157,0.18458190371155406,1629,0.6875383670963782
VN1,w26,3,erratic,0.9,0.2790203629519662,0.1377419448062613,0.24915015060348164,0.1651571593459659,0.21188142934794232,0.12667901236307372,0.21122550344918065,0.12818604139456696,1629,0.6715776550030693
VN1,w26,3,erratic,0.95,0.2418975771797695,0.10035733115453638,0.1821486489230462,0.1206743865121038,0.14594886654784608,0.07996817290598975,0.14574893200503528,0.08163934663641242,1629,0.6813996316758748
VN1,w26,3,erratic,0.99,0.1884580671755446,0.049479168632792184,0.08221312696890566,0.04309565981900514,0.05905103809800997,0.027228518484710026,0.055473300752921,0.02927108858724775,1629,0.6623695518723143
VN1,w26,3,intermittent,0.5,1.0997254609714475,0.18229166055486248,1.0992339020302027,0.1705798047064237,0.9195894578474968,0.16099178046932808,0.8843187996966944,0.16136017276586345,5258,0.30962343096234307
VN1,w26,3,intermittent,0.8,1.4714810507335412,0.18574602788784633,1.428850875472967,0.18729478705547145,1.0767264192546244,0.1932346097709164,1.0583295656288207,0.1922831223044446,5258,0.3406238113351084
VN1,w26,3,intermittent,0.9,1.502280027914579,0.12979191397507744,1.4336191258160373,0.13370912773878812,0.9847505479436522,0.1479301181809622,0.977558414345137,0.14717180034007538,5258,0.33149486496766833
VN1,w26,3,intermittent,0.95,1.4674467344844895,0.08620666055328532,1.3786661119238817,0.08940788744073064,0.8883472975535264,0.11314160825512046,0.8760599920153189,0.11179680904829983,5258,0.3366298972993534
VN1,w26,3,intermittent,0.99,1.3633408064271921,0.024760829960064977,1.2410196136951814,0.027096631835980715,0.6838505027204892,0.0503768559523662,0.6779694552632745,0.05163007859901876,5258,0.2936477748193229
VN1,w26,3,lumpy,0.5,0.43357038310869594,0.18183627403449867,0.430006132016893,0.17190881791828178,0.38740972159554293,0.1554329414709102,0.37411775610450804,0.15269619086856673,2290,0.45633187772925765
VN1,w26,3,lumpy,0.8,0.4460048998614739,0.1441353012324817,0.43206859902555983,0.1671082406557398,0.36104423158152776,0.14537767393159046,0.35486257124436543,0.14554616105386836,2290,0.4720524017467249
VN1,w26,3,lumpy,0.9,0.40839857740647967,0.099621561843514,0.36042794634763664,0.1252353222933784,0.28370596904967305,0.10700055839333794,0.27673065028216637,0.10680406005872084,2290,0.4908296943231441
VN1,w26,3,lumpy,0.95,0.36987753866140566,0.06600812325093876,0.2896426967035665,0.09160301124062836,0.21039066198543221,0.07231426232472468,0.20637284186368213,0.07320536547674698,2290,0.5301310043668123
VN1,w26,3,lumpy,0.99,0.30741416561296986,0.020181335987199994,0.18216562330585612,0.03536676065441287,0.10733939171277576,0.028175541616695374,0.10024251902695216,0.029746795377685698,2290,0.525764192139738
M5,w52,3,all,0.5,0.391699168506098,0.27667611797081004,0.3978733881426523,0.28115549839360887,0.3622532825242926,0.2655770558253242,0.3627167394806916,0.26517966263626697,28824,0.6225367749097974
M5,w52,3,all,0.8,0.3693317072421717,0.21818972312668733,0.3507173271017561,0.2122925182237223,0.3074880187338167,0.20472556581393683,0.3050928683564604,0.20369002099451605,28824,0.5914515681376631
M5,w52,3,all,0.9,0.3125806281122693,0.152091065009281,0.271993961645566,0.13962868253222394,0.22343150639012097,0.1333709838190451,0.22160420618509638,0.13284355831824785,28824,0.5873924507354982
M5,w52,3,all,0.95,0.2632525377379057,0.10013594823670027,0.20713694831398333,0.08500891825515117,0.15564266405822036,0.08134214416734735,0.15435387553529484,0.08111540149694701,28824,0.5768803774632251
M5,w52,3,all,0.99,0.1931428260150554,0.0335446840199589,0.11995673763839483,0.02294261864801738,0.06826210978843882,0.022707943634093262,0.06698089429084568,0.023208965096824057,28824,0.5049958368026645
M5,w52,3,smooth,0.5,0.29714093983306644,0.262518858633205,0.2996721370583379,0.26612904590324926,0.2793174443502836,0.2512837293768717,0.279093533469947,0.2509512822912596,15108,0.6534286470743976
M5,w52,3,smooth,0.8,0.24229797598594874,0.20054433900220597,0.2305900924437688,0.1934529003639453,0.21504489894425763,0.18721758085203472,0.21368980356878295,0.18611921769811698,15108,0.6041170240931957
M5,w52,3,smooth,0.9,0.18469660916640673,0.13613859515925392,0.1585516325288436,0.12444113663777315,0.1439615211254707,0.11982559731861786,0.14268229044069258,0.11966235086207118,15108,0.5909451945988881
M5,w52,3,smooth,0.95,0.14019413382216164,0.0878662080699407,0.10352243289568028,0.07510347363524744,0.09084377132484867,0.07188486081641601,0.08954372267942647,0.07189245049524491,15108,0.5769128938310829
M5,w52,3,smooth,0.99,0.08274380717154729,0.02878775219478897,0.03664294180561493,0.020350707954796557,0.02852597868069549,0.019768551155183226,0.027756141255991754,0.02032550903012853,15108,0.5020518930368016
M5,w52,3,erratic,0.5,0.31194835256695275,0.25050445760184015,0.33088584956816897,0.2742383003298783,0.2903461732586223,0.23566760889014826,0.2890337585279018,0.23365267513923296,1510,0.7589403973509934
M5,w52,3,erratic,0.8,0.27399334483947796,0.20799872416641352,0.26595231264922653,0.2064094280132039,0.24140995220437633,0.18827304734807832,0.2398595615245442,0.1865116453570742,1510,0.6794701986754967
M5,w52,3,erratic,0.9,0.22778915939349142,0.15713723927058762,0.19771010341933257,0.1458038440499127,0.17173680659843224,0.12533438918165363,0.16993645769222804,0.12358765665362567,1510,0.7086092715231788
M5,w52,3,erratic,0.95,0.1905663841095488,0.1163706482458659,0.13878975254366566,0.09912610264188121,0.11746043016313923,0.07853697423374192,0.11543650425878342,0.07731436941816017,1510,0.6940397350993377
M5,w52,3,erratic,0.99,0.1379917000378583,0.05969534954678905,0.05508927831961621,0.03182616510368269,0.04499529251925842,0.022665930569265785,0.04230704338894885,0.022428902832634635,1510,0.6973509933774834
M5,w52,3,intermittent,0.5,0.5384479661098925,0.30357142857142855,0.5466649312576294,0.30718086976279824,0.4889018613122946,0.2958801375049274,0.49108755770647106,0.2960272726080889,10193,0.5559697831845384
M5,w52,3,intermittent,0.8,0.5653555872247484,0.24904891239806645,0.5345425037668361,0.24414449141697042,0.4453267730676364,0.23732508307547975,0.44135822826836435,0.23589253595708087,10193,0.557147061709016
M5,w52,3,intermittent,0.9,0.508819060896753,0.174497992970367,0.44671144425234666,0.16378204527456164,0.3410947763267551,0.157202374111647,0.3387432988482585,0.15628593408448282,10193,0.5623467085254586
M5,w52,3,intermittent,0.95,0.4512276741264579,0.11416245681272255,0.36880924521871133,0.10050341479665208,0.2516694625224589,0.09603564179288389,0.2504244605317981,0.09605407553385843,10193,0.554007652310409
M5,w52,3,intermittent,0.99,0.3615157375964302,0.035154481251877055,0.25498186430126507,0.02574074074074077,0.12856462451074266,0.02751788447879608,0.12717199984506186,0.02804050343028076,10193,0.4632590993819288
M5,w52,3,lumpy,0.5,0.418126866908876,0.3017031686175487,0.43172509487803873,0.3208887308518817,0.39734787494256685,0.29138382965902043,0.3955815916782427,0.29197767532209884,2013,0.6254346746150025
M5,w52,3,lumpy,0.8,0.4016790149345099,0.2571428571428571,0.3850677529780761,0.258293140974897,0.35290188426560554,0.23909800579779364,0.3500342407093599,0.23922598835577918,2013,0.604073522106309
M5,w52,3,lumpy,0.9,0.3423116418366623,0.18979700506615227,0.294428156382843,0.17950580847938702,0.2628501967029246,0.1619116050984051,0.2595435165552261,0.16127604485661906,2013,0.596621957277695
M5,w52,3,lumpy,0.95,0.2895276957753464,0.13625000519752525,0.21741347201145483,0.11602344986612143,0.18437375588701724,0.10169062983371442,0.1834992044496683,0.10175495241674576,2013,0.6045702930948833
M5,w52,3,lumpy,0.99,0.21051067954925037,0.061071194206474055,0.11019199592868682,0.03557692438187692,0.07859635235565449,0.029535536079168815,0.07509671386278415,0.029991582529307663,2013,0.5941381023348237
VN1,w52,3,all,0.5,2.8840243306025903,0.30303029646229823,2.881390332272406,0.30687577878866446,2.5640743424100148,0.2844397175354649,2.330283926951722,0.28502777889004305,9383,0.46605563252691035
VN1,w52,3,all,0.8,3.8698688504118457,0.2645661162237808,3.7816720115489604,0.2649064973192834,2.3465466578297685,0.2631332025206561,2.3038658358220427,0.2615982178829781,9383,0.4485772141106256
VN1,w52,3,all,0.9,4.08767996095278,0.19722222396375713,3.814141280091376,0.18456608640734892,2.093856636330854,0.1907104693949914,2.0709844418216408,0.18869746233116075,9383,0.4415432164552915
VN1,w52,3,all,0.95,4.139753531632806,0.1399305597258112,3.681201328260167,0.12115364360995874,1.8470095912539795,0.12578403140083386,1.8362013068754262,0.1266548142124314,9383,0.4357881274645636
VN1,w52,3,all,0.99,4.074648820128422,0.055273073144480545,3.322988837737274,0.036805553930531906,1.5007390374456224,0.04651468701776726,1.497669440139011,0.04858454096333926,9383,0.3815410849408505
VN1,w52,3,smooth,0.5,0.6553141815371939,0.4623635987665924,0.6514867319287249,0.4580398972648674,0.6184924354389879,0.43449964064020696,0.6123068910167719,0.431316203395798,2094,0.5458452722063037
VN1,w52,3,smooth,0.8,0.5929567854448485,0.3782302655029692,0.5642856768724387,0.35647150016304413,0.5385368710585025,0.35072615818377995,0.534531083106985,0.350842967639177,2094,0.44317096466093603
VN1,w52,3,smooth,0.9,0.5150788404921459,0.2985615932782524,0.4400142548964798,0.23998897657076806,0.3946201525365714,0.24391927691484516,0.3915556145736176,0.23997752157341407,2094,0.4355300859598854
VN1,w52,3,smooth,0.95,0.4505940625507305,0.2222363906430348,0.33737124787691225,0.1478665180252654,0.2682530545846803,0.15114007498768436,0.26808674559963747,0.1523849147596708,2094,0.4145176695319962
VN1,w52,3,smooth,0.99,0.35715910845918564,0.12395354591710997,0.1984250733181825,0.04037110995164986,0.10724380014202796,0.0467397568439256,0.10474112450448968,0.04898802616003792,2094,0.330945558739255
VN1,w52,3,erratic,0.5,0.7119903725415477,0.4370600508307668,0.7263278597403243,0.4653892323440305,0.5588526641920275,0.36754528586287954,0.5524705907240045,0.3582106883218611,1202,0.7628951747088186
VN1,w52,3,erratic,0.8,0.68091428287468,0.39125497003031595,0.6601674758468676,0.36714447947444967,0.518365750880104,0.3020668061599945,0.5167438795641592,0.30498780622370203,1202,0.7004991680532446
VN1,w52,3,erratic,0.9,0.6298480833362716,0.33193121057613784,0.5290912748174299,0.24449366671990674,0.39751275002115605,0.20887108642884078,0.3935325425969717,0.21248933850430507,1202,0.6772046589018302
VN1,w52,3,erratic,0.95,0.5854923815764637,0.2805832074468114,0.4119686732182531,0.155433448080236,0.2919776815706346,0.13511850061445413,0.2877730162172853,0.13737132424988668,1202,0.6613976705490848
VN1,w52,3,erratic,0.99,0.5152156580487809,0.20369719322282553,0.24381553302049072,0.05133739060979076,0.1369633245776735,0.04304095138799676,0.13406094484221454,0.04606514961586866,1202,0.591514143094842
VN1,w52,3,intermittent,0.5,5.441719007480639,0.20434731478744123,5.437335809994868,0.19629415257482452,4.827758651849872,0.19062084588897774,4.3429576467493005,0.19137163058459522,4278,0.32421692379616646
VN1,w52,3,intermittent,0.8,7.5921170360048995,0.1963624228387206,7.43255509436654,0.19677572684938976,4.439295216037298,0.2088032441338827,4.351300596220803,0.20914206489690934,4278,0.34946236559139787
VN1,w52,3,intermittent,0.9,8.126350975405192,0.1417483599441623,7.643348761829077,0.1423437425081312,4.038367712373324,0.16389587138113085,3.9902330914648414,0.16063792421932213,4278,0.34315100514259
VN1,w52,3,intermittent,0.95,8.29669542474086,0.09174531452155679,7.485157806242126,0.09259259586308097,3.6342846463635894,0.1179513100750546,3.6126932409870065,0.11710656921576602,4278,0.34104721832632073
VN1,w52,3,intermittent,0.99,8.24671390795919,0.026606060137792677,6.89910876311138,0.028099346390551325,3.069958077241876,0.0539431434790429,3.068352135773791,0.054874360354448135,4278,0.29990649836372135
VN1,w52,3,lumpy,0.5,0.8585329221161454,0.25797478036823646,0.850140181585031,0.2587719108827974,0.7952979436436479,0.23275744185884695,0.7405422852156585,0.23550355201300746,1809,0.5118850193477059
VN1,w52,3,lumpy,0.8,0.9794318776387583,0.21708641484571484,0.946280971434499,0.24094551429348424,0.7051246631590752,0.21634275373233472,0.6975538726497998,0.21598029622372053,1809,0.5218352681039248
VN1,w52,3,lumpy,0.9,0.9698834232591351,0.1632582964834517,0.8471443150408019,0.1703467105852472,0.5894830404766813,0.15630461008038307,0.5908713539011302,0.15635961259438877,1809,0.5245992260917635
VN1,w52,3,lumpy,0.95,0.9412595636445986,0.11670228728788422,0.7283389882248424,0.11447222076663277,0.48111785961549736,0.10407278738252651,0.47910357473238774,0.1020823226517977,1809,0.5345494748479823
VN1,w52,3,lumpy,0.99,0.8766209988542828,0.05578729752898529,0.5288273088333054,0.03984588897945206,0.30898579340616905,0.035739677977304006,0.30168753431250234,0.03853065863332691,1809,0.49364289662797123
VNF,main,3,all,0.5,0.1929063008129617,0.1322115262480084,0.18920821573276192,0.1285714303230753,0.18148468242398827,0.12601456529726474,0.17778970484503315,0.12293762466135215,909,0.39713971397139713
VNF,main,3,all,0.8,0.1805486863806158,0.10466417513171994,0.19750052769846863,0.12669376169866287,0.18559429857957996,0.11761154309405904,0.18681492887250437,0.12029047655099395,909,0.5159515951595159
VNF,main,3,all,0.9,0.15310823341484503,0.07229662821533123,0.1716507693663476,0.10416667015231851,0.18462501520546243,0.10264597883043233,0.18101458712801297,0.10441577136714542,909,0.5511551155115512
VNF,main,3,all,0.95,0.1284937311847919,0.04718137205274396,0.14073740395606793,0.07500000308299908,0.14110745281340387,0.07508689365662097,0.14272734035977305,0.07823049664793613,909,0.49394939493949397
VNF,main,3,all,0.99,0.09342519382838779,0.01348791263467154,0.09010977956329293,0.028541666666666687,0.07916071326709886,0.031062498277728137,0.0836360768485364,0.03593837670491983,909,0.3146314631463146
VNF,main,3,smooth,0.5,0.24794516521657395,0.23405348691963132,0.2446627677014454,0.22943659825448015,0.22897521958142328,0.21522742884654086,0.21948084368238474,0.2074629189854213,187,0.5401069518716578
VNF,main,3,smooth,0.8,0.17056616164450786,0.1498183989387999,0.194798246136584,0.1841405668172577,0.1817502811159516,0.16508467531678064,0.17730692052295025,0.1607860738768951,187,0.5775401069518716
VNF,main,3,smooth,0.9,0.1176145953276969,0.09722221835895835,0.13928193456300886,0.13453564995144834,0.12141170582680226,0.10840273392695433,0.12597767902494084,0.11437984529887797,187,0.6951871657754011
VNF,main,3,smooth,0.95,0.08091201268895214,0.05657372415614645,0.09078663199246029,0.08803727231940568,0.08412424438356601,0.07596784340484308,0.09079282904272372,0.08431794203978141,187,0.5401069518716578
VNF,main,3,smooth,0.99,0.037927853963277934,0.014596816970669635,0.02819355780045177,0.027779473483196232,0.030470144623864017,0.02900871930758472,0.037177350056378816,0.03641010180041568,187,0.12834224598930483
VNF,main,3,erratic,0.5,0.20105675394232425,0.16873962875266402,0.20458586761182318,0.1780595133134766,0.18623699893929863,0.16161159399450906,0.18079292096911728,0.15435291011782654,285,0.6596491228070176
VNF,main,3,erratic,0.8,0.15142570344006295,0.11969866275274177,0.18229217466868566,0.16185898029592638,0.15854692571019516,0.1366140226017056,0.15620063824276406,0.13477025878334642,285,0.743859649122807
VNF,main,3,erratic,0.9,0.11016044931642038,0.07615238508482874,0.13867271004439632,0.1257591994570918,0.11298438923210548,0.09390846994579344,0.1164058450433769,0.09683633247182952,285,0.7543859649122807
VNF,main,3,erratic,0.95,0.08046382124609414,0.04720928114506417,0.0985006540634227,0.09098144764503505,0.08116145031439687,0.0691440300882837,0.08554622735474608,0.07318158671706881,285,0.7298245614035088
VNF,main,3,erratic,0.99,0.043945270345565585,0.013832582701427447,0.03767756525400049,0.03501689144061204,0.03350573627369145,0.02826941204178368,0.03476976783444762,0.031157843155002144,285,0.5789473684210527
VNF,main,3,intermittent,0.5,0.18246067720037973,0.0,0.17882137727434225,0.0,0.1792876813096359,0.019995635646775423,0.18281518108728706,0.017148344838934244,272,0.14338235294117646
VNF,main,3,intermittent,0.8,0.25803559876920223,0.027777778408514767,0.26138622435365033,0.026864230519777606,0.2548929717244978,0.07110364486123215,0.26645243187422274,0.07480701232572723,272,0.30514705882352944
VNF,main,3,intermittent,0.9,0.2641631622346856,0.04689945198618903,0.26885793294611976,0.04685921720861587,0.35079822673119354,0.13416347829890674,0.3337720465091853,0.1196112945577756,272,0.27941176470588236
VNF,main,3,intermittent,0.95,0.2518627052746658,0.0444422160176662,0.2535229046824577,0.04760889936609702,0.2797847062836843,0.1001773375440578,0.2771468349491426,0.09433049773043153,272,0.20955882352941177
VNF,main,3,intermittent,0.99,0.21984505970689686,0.014575617685296445,0.21592315791791175,0.0181984481575961,0.18458804264348624,0.05264311846111197,0.19174067567402098,0.05310439709459115,272,0.08455882352941177
VNF,main,3,lumpy,0.5,0.1336703180085889,0.05921052482980114,0.11692087062375525,0.03086419971118972,0.12307524998641298,0.06007198405587374,0.11706795274902242,0.06003363814063132,165,0.2
VNF,main,3,lumpy,0.8,0.11442954755645982,0.069282941382763,0.12151748391271823,0.06439393567207015,0.1224312285071893,0.06906353606258327,0.11918868386871778,0.06751940437269952,165,0.4
VNF,main,3,lumpy,0.9,0.08444452524121526,0.05092592502654174,0.1050530149498775,0.06524884540141176,0.1060756438189007,0.06444864419017962,0.1031683105081153,0.06381012090666657,165,0.48484848484848486
VNF,main,3,lumpy,0.95,0.06200854778361129,0.03166666666666669,0.08437747595013156,0.056741897302628005,0.08062416641752743,0.04761846333742147,0.0787653300228784,0.04792738327095545,165,0.503030303030303
VNF,main,3,lumpy,0.99,0.033386267940056835,0.008640709954732139,0.043444783413858636,0.025437499797840938,0.03940659926121196,0.02435367603664925,0.04248595017348763,0.02809494949419655,165,0.4484848484848485
