model,group,median_weeks_of_supply,p75,p90,zero_demand_series_share
empirical,all,1.9782608695652175,3.8333333333333335,7.544935064935063,0.02553731991844102
empirical,smooth,1.61336331407563,2.973459075445267,5.473538011695906,0.0186564788283986
empirical,erratic,2.803571428571429,5.687179023508138,11.20735294117647,0.009575104727707959
empirical,intermittent,2.375,4.6418463611859835,8.769861286254727,0.03513513513513514
empirical,lumpy,2.917517006802721,5.967941810344827,11.866885245901642,0.041723979825768
tsb,all,1.5,2.6875,5.11764705882353,0.02553731991844102
tsb,smooth,1.1585365853658538,1.8482819264069263,3.122595281306715,0.0186564788283986
tsb,erratic,1.4558823529411764,2.3787755102040817,4.370194589463693,0.009575104727707959
tsb,intermittent,2.2389682024659314,3.8571428571428568,6.853571428571428,0.03513513513513514
tsb,lumpy,2.3157894736842106,4.103947368421053,8.059191176470588,0.041723979825768
tsb_nb,all,2.0416666666666665,3.5217391304347827,6.388530465949819,0.02553731991844102
tsb_nb,smooth,1.592738984043332,2.5116477272727273,4.1665991902834,0.0186564788283986
tsb_nb,erratic,3.0346820809248554,4.7852437417654805,8.030129870129874,0.009575104727707959
tsb_nb,intermittent,2.6036100508905857,4.434782608695652,7.833333333333333,0.03513513513513514
tsb_nb,lumpy,3.5581941805819417,6.206019871420223,11.685020242914982,0.041723979825768
ets,all,2.344827586206897,4.034090909090909,7.400958083832335,0.02553731991844102
ets,smooth,1.8220117135504483,2.8481337161607874,4.800000000000001,0.0186564788283986
ets,erratic,3.323529411764706,5.491050260787103,9.829179331307001,0.009575104727707959
ets,intermittent,3.0833333333333335,5.294117647058823,9.428571428571429,0.03513513513513514
ets,lumpy,3.886038961038961,6.990909090909091,14.361428571428577,0.041723979825768
lgb_tweedie,all,2.064516129032258,3.7142857142857144,7.065833333333331,0.02553731991844102
lgb_tweedie,smooth,1.5487723734114045,2.50967963836478,4.365209790209789,0.0186564788283986
lgb_tweedie,erratic,2.4132231404958677,3.8738636363636365,7.369239565465996,0.009575104727707959
lgb_tweedie,intermittent,3.0,5.277777777777778,9.44949494949495,0.03513513513513514
lgb_tweedie,lumpy,3.362781954887218,6.128578244274809,11.858928571428574,0.041723979825768
lgb_conformal,all,2.5,4.298245614035088,7.732820512820511,0.02553731991844102
lgb_conformal,smooth,1.8700829856064514,2.6905844155844156,4.359999999999999,0.0186564788283986
lgb_conformal,erratic,2.8193548387096774,4.347210541070928,7.769565217391309,0.009575104727707959
lgb_conformal,intermittent,3.8065871509894276,6.035932055749129,10.454545454545455,0.03513513513513514
lgb_conformal,lumpy,4.29438025210084,7.226268412438625,13.200000000000001,0.041723979825768
hgb_quantile,all,2.0847457627118646,3.7954545454545454,7.315789473684211,0.02553731991844102
hgb_quantile,smooth,1.5591153470185728,2.4559468524251806,4.2368421052631575,0.0186564788283986
hgb_quantile,erratic,2.24,3.6107403028338227,6.765948275862071,0.009575104727707959
hgb_quantile,intermittent,3.1500000000000004,5.583333333333334,10.285714285714286,0.03513513513513514
hgb_quantile,lumpy,3.540762073548959,6.366315789473684,12.596875000000002,0.041723979825768
lgb_quantile,all,2.1152173913043475,3.86144578313253,7.443188793578343,0.02553731991844102
lgb_quantile,smooth,1.5789473684210527,2.488372093023256,4.285714285714286,0.0186564788283986
lgb_quantile,erratic,2.2686567164179103,3.693607764390897,6.848614072494672,0.009575104727707959
lgb_quantile,intermittent,3.227272727272727,5.678928571428571,10.25,0.03513513513513514
lgb_quantile,lumpy,3.6245,6.588235294117647,12.701428571428572,0.041723979825768
