model,policy,group,liquidated_units,liquidated_share_of_demand,d_orders,d_end_position,d_inventory_unit_weeks,d_sales,s_star_h10_m30,s_star_endsalv_h10_m30,s_star_h10_m50,s_star_endsalv_h10_m50,s_star_h10_m100,s_star_endsalv_h10_m100,s_star_h25_m30,s_star_endsalv_h25_m30,s_star_h25_m50,s_star_endsalv_h25_m50,s_star_h25_m100,s_star_endsalv_h25_m100,s_star_h40_m30,s_star_endsalv_h40_m30,s_star_h40_m50,s_star_endsalv_h40_m50,s_star_h40_m100,s_star_endsalv_h40_m100
empirical,quantile,all,2599.0,0.0004491360740599292,1.0,-2142.0,-17947.0,-456.0,1.039356113298014,1.2238217471806094,1.074446532690088,1.4233841104191214,1.1621725811702726,1.9222900185154015,1.019436839612869,1.1105390506648714,1.0545272590049428,1.3101014139033833,1.1422533074851273,1.8090073219996634,0.9995175659277237,0.9972563541491333,1.0346079853197976,1.1968187173876452,1.122334033799982,1.6957246254839253
empirical,quantile,smooth,0.0,0.0,0.0,0.0,0.0,0.0,,,,,,,,,,,,,,,,,,
empirical,quantile,erratic,0.0,0.0,0.0,0.0,0.0,0.0,,,,,,,,,,,,,,,,,,
empirical,quantile,intermittent,1408.0,0.003055071570693011,1.0,-986.0,-7341.0,-421.0,1.0796752076048952,1.2658357637623041,1.1394763439685314,1.465361830113015,1.2889791848776222,1.9641769959897921,1.064635462194056,1.2156557601166607,1.1244365985576923,1.4151818264673715,1.2739394394667831,1.9139969923441487,1.0495957167832168,1.1654757564710174,1.1093968531468532,1.365001822821728,1.258899694055944,1.8638169886985052
empirical,quantile,lumpy,1191.0,0.0028441315607858494,0.0,-1156.0,-10606.0,-35.0,0.991690886779048,0.7172527472527472,0.9975683007169154,0.9172527472527471,1.0122618355615838,1.4172527472527472,0.9660030355874185,-0.156868131868132,0.9718804495252858,0.04313186813186799,0.9865739843699542,0.543131868131868,0.940315184395789,-1.0309890109890112,0.9461925983336563,-0.8309890109890111,0.9608861331783247,-0.3309890109890111
empirical,fixed,all,333061.0,0.05755664100133669,291240.0,-32460.0,-1302576.0,-9361.0,1.0009107825708987,1.0010091322179437,1.006531975085183,1.0072373217449249,1.0205849563708935,1.022807795562377,0.9896292732701077,0.9885094041091526,0.995250465784392,0.9947375936361336,1.0093034470701023,1.0103080674535858,0.9783477639693168,0.9760096760003613,0.9839689564836009,0.9822378655273423,0.9980219377693114,0.9978083393447946
empirical,fixed,smooth,75896.0,0.020420331219623493,65169.0,-10516.0,-340277.0,-211.0,0.9922119894835848,0.9909593324234651,0.9927680135164719,0.9916047897498647,0.9941580735986897,0.9932184330658634,0.9792789196349662,0.9759460520742641,0.9798349436678531,0.9765915094006635,0.9812250037500708,0.9782051527166623,0.9663458497863473,0.960932771725063,0.9669018738192344,0.9615782290514625,0.9682919339014522,0.9631918723674613
empirical,fixed,erratic,40702.0,0.034193390666755155,32033.0,-7664.0,-189962.0,-1005.0,0.9984322259726417,0.9980685411204814,1.0033705582413264,1.0041524445044634,1.0157163889130378,1.0193622029644187,0.9849693173270639,0.9814825701872435,0.9899076495957485,0.9875664735712256,1.00225348026746,1.002776232031181,0.9715064086814862,0.9648965992540058,0.9764447409501708,0.970980502637988,0.9887905716218822,0.9861902610979432
empirical,fixed,intermittent,60285.0,0.13080610059604272,54632.0,-3898.0,-209828.0,-1755.0,1.0020400533363958,1.0021810810184018,1.0078623972030292,1.0084059200770499,1.022418256869613,1.0239680177236705,0.991999859641064,0.9914468146640456,0.9978222035076975,0.9976716537226938,1.0123780631742811,1.0132337513693146,0.9819596659457321,0.9807125483096895,0.9877820098123656,0.9869373873683378,1.0023378694789493,1.0024994850149584
empirical,fixed,lumpy,156178.0,0.37295615356877615,139406.0,-10382.0,-562509.0,-6390.0,1.0053480767014364,1.0057289083587817,1.0135310474143409,1.0144945809423915,1.0339884741966021,1.0364087624014164,0.9949585076495557,0.9945995075838316,1.0031414783624601,1.0033651801674415,1.0235989051447214,1.0252793616264666,0.9845689385976751,0.9834701068088816,0.9927519093105796,0.9922357793924915,1.013209336092841,1.0141499608515165
empirical,dead13,all,32933.0,0.005691188275111831,11666.0,-45660.0,-1071088.0,-5354.0,1.8894851785326385,,1.921999677667245,,2.0032859255037616,,1.795668128064205,,1.8281826271988115,,1.9094688750353281,,1.7018510775957714,,1.734365576730378,,1.8156518245668947,
empirical,dead13,smooth,11849.0,0.0031880534497380464,1685.0,-15493.0,-367648.0,-662.0,1.4627044151729778,,1.4738783539019846,,1.5018132007245013,,1.3732012438569954,,1.384375182586002,,1.4123100294085187,,1.2836980725410128,,1.2948720112700196,,1.3228068580925363,
empirical,dead13,erratic,5106.0,0.00428950549713655,2121.0,-4026.0,-86120.0,-536.0,1.3079092470396818,2.4557264957264957,1.3289041549911116,2.5549857549857546,1.3813914248696857,2.803133903133903,1.259256078821296,2.2257051282051283,1.280250986772726,2.3249643874643877,1.3327382566513002,2.5731125356125357,1.2106029106029108,1.9956837606837607,1.2315978185543401,2.09494301994302,1.2840850884329145,2.343091168091168
empirical,dead13,intermittent,5260.0,0.011413122487105992,2181.0,-8536.0,-226696.0,-2322.0,2.52844983913425,,2.61673881251828,,2.837461245978356,,2.4041284001169934,,2.4924173735010235,,2.7131398069610997,,2.2798069610997365,,2.3680959344837675,,2.5888183679438432,
empirical,dead13,lumpy,10718.0,0.02559479602729029,5679.0,-17605.0,-390624.0,-1834.0,2.3247807426758724,,2.3590035454375817,,2.4445605523418545,,2.219649188281396,,2.253871991043105,,2.3394289979473784,,2.114517633886919,,2.1487404366486285,,2.2342974435529017,
empirical,dead26,all,26163.0,0.004521257062574039,3224.0,-35828.0,-641169.0,-1894.0,1.5396239992473224,,1.5541024611974044,,1.5902986160726098,,1.4689315724790442,,1.4834100344291263,,1.5196061893043318,,1.398239145710766,,1.412717607660848,,1.4489137625360535,
empirical,dead26,smooth,14577.0,0.0039220402681096715,270.0,-14325.0,-172853.0,-27.0,0.9808390193191593,-0.10837148962148965,0.9812094659131086,-0.08694291819291823,0.9821355823979822,-0.033371489621489656,0.946633461037145,-2.0870001526251527,0.9470039076310942,-2.0655715811965814,0.9479300241159677,-2.0120001526251525,0.9124279027551306,-4.065628815628816,0.91279834934908,-4.044200244200244,0.9137244658339534,-3.9906288156288157
empirical,dead26,erratic,2637.0,0.002215320406570521,13.0,-2623.0,-26271.0,-1.0,0.9809551938391529,-2.587225274725275,0.9810310376010034,-2.572939560439561,0.9812206470056298,-2.5372252747252753,0.9522173361337184,-8.000206043956045,0.9522931798955689,-7.98592032967033,0.9524827893001954,-7.950206043956045,0.9234794784282839,-13.413186813186813,0.9235553221901345,-13.398901098901101,0.9237449315947609,-13.363186813186815
empirical,dead26,intermittent,4440.0,0.009633890464401256,842.0,-7133.0,-162725.0,-1124.0,2.0547899341649343,,2.105420564795565,,2.231997141372142,,1.9490694300069302,,1.9997000606375608,,2.1262766372141373,,1.843348925848926,,1.8939795564795565,,2.020556133056133,
empirical,dead26,lumpy,4509.0,0.01076758119864265,2099.0,-11747.0,-279320.0,-742.0,3.165545831414095,,3.1984577852841327,,3.280737669959227,,2.9868519371513385,,3.019763891021376,,3.1020437756964703,,2.8081580428885817,,2.8410699967586193,,2.9233498814337135,
tsb,quantile,all,80557.0,0.013921144562541636,5477.0,-70788.0,-589099.0,-4292.0,1.001920594208974,1.015837578840445,1.0125764031392963,1.1037073710402607,1.039215925465103,1.3233818515398001,0.9808259154292088,0.8418869146515273,0.9914817243595313,0.9297567068513429,1.018121246685338,1.1494311873508822,0.9597312366494437,0.6679362504626093,0.9703870455797663,0.755806042662425,0.9970265679055729,0.9754805231619645
tsb,quantile,smooth,20365.0,0.005479340746384953,1612.0,-16871.0,-155522.0,-1882.0,1.0130380177151599,1.0759929109242217,1.0315207086063949,1.183720443837788,1.0777274358344824,1.4530392761217032,0.991008989782621,0.9475953282550305,1.009491680673856,1.0553228611685967,1.0556984079019434,1.324641693452512,0.9689799618500822,0.8191977455858394,0.9874626527413172,0.9269252784994056,1.0336693799694046,1.1962441107833208
tsb,quantile,erratic,27520.0,0.02311930890740263,1591.0,-24890.0,-180410.0,-1039.0,0.9987193928890876,0.9865998830067271,1.006270264982111,1.0656112898508336,1.025147445214669,1.2631398069610997,0.9798090200134169,0.7887240421175782,0.98735989210644,0.8677354489616846,1.0062370723389982,1.0652639660719507,0.960898647137746,0.5908482012284293,0.9684495192307693,0.6698596080725358,0.9873266994633274,0.867388125182802
tsb,quantile,intermittent,4689.0,0.010174169456661596,780.0,-3278.0,-28086.0,-631.0,1.0288523057237067,1.095881262606989,1.0557663598930394,1.1853213760017445,1.1230514953163706,1.4089216594886331,1.0115741424282692,1.0384629013792728,1.0384881965976016,1.1279030147740283,1.1057733320209329,1.351503298260917,0.9942959791328313,0.9810445401515564,1.0212100333021639,1.070484653546312,1.088495168725495,1.2940849370332006
tsb,quantile,lumpy,27983.0,0.06682395756966451,1494.0,-25749.0,-225081.0,-740.0,0.9924651368000902,0.9056185868741823,0.9977540622190946,0.9718674678052476,1.0109763757666055,1.137489670132911,0.9692627598074656,0.6149864850905584,0.97455168522647,0.6812353660216238,0.987773998773981,0.8468575683492872,0.9460603828148408,0.32435438330693467,0.9513493082338452,0.39060326423800007,0.9645716217813562,0.5562254665656634
tsb,fixed,all,8146.0,0.0014077192994583236,3485.0,-3010.0,-35922.0,-1651.0,1.0523225178945779,1.0829866103522647,1.092857749910291,1.1472778876108314,1.194195829949574,1.308006080757249,1.0396020227010898,1.0628111520488859,1.080137254716803,1.1271024293074527,1.1814753347560862,1.2878306224538703,1.0268815275076018,1.0426356937455068,1.067416759523315,1.106926971004074,1.1687548395625982,1.2676551641504912
tsb,fixed,smooth,941.0,0.0002531824032579544,191.0,-710.0,-3973.0,-40.0,1.0046329600261588,1.018872793872794,1.013134554075043,1.0535048285048285,1.0343885391972534,1.140084915084915,0.9924538134554075,0.9692599067599067,1.0009554075042917,1.0038919413919414,1.0222093926265021,1.090472027972028,0.9802746668846563,0.9196470196470196,0.9887762609335404,0.9542790542790542,1.0100302460557509,1.0408591408591408
tsb,fixed,erratic,659.0,0.0005536200788509569,156.0,-454.0,-2262.0,-49.0,1.0157056145675265,1.0504878048780488,1.030576631259484,1.0982926829268294,1.0677541729893778,1.2178048780487805,1.005804248861912,1.0186585365853658,1.0206752655538696,1.0664634146341463,1.0578528072837632,1.1859756097560976,0.9959028831562974,0.986829268292683,1.010773899848255,1.0346341463414634,1.0479514415781488,1.1541463414634145
tsb,fixed,intermittent,2272.0,0.004929774579981904,985.0,-923.0,-12198.0,-364.0,1.0377386917659805,1.0635599019216513,1.0697809452871072,1.1175258025888122,1.1498865790899242,1.2524405542567143,1.022251658992416,1.0374764783030166,1.0542939125135429,1.0914423789701775,1.1343995463163599,1.2263571306380796,1.0067646262188517,1.0113930546843817,1.0388068797399785,1.0653589553515426,1.1189125135427953,1.2002737070194447
tsb,fixed,lumpy,4274.0,0.010206396549789018,2153.0,-923.0,-17489.0,-1198.0,1.0762207083978257,1.097214953056493,1.1322806054497678,1.1687159975208319,1.2724303480796229,1.3474686086816794,1.0644170026276951,1.0821600325964695,1.1204768996796373,1.1536610770608084,1.260626642309492,1.3324136882216562,1.0526132968575646,1.067105112136446,1.1086731939095067,1.138606156600785,1.2488229365393615,1.3173587677616327
tsb,dead13,all,9809.0,0.0016951041748571932,1139.0,-7285.0,-69481.0,-1828.0,1.0874485362735948,1.339850512007802,1.1247204294329383,1.4846999573326831,1.217900162331297,1.846823570644886,1.067015672420148,1.2604424448372549,1.1042875655794913,1.4052918901621356,1.19746729847785,1.7674155034743386,1.046582808566701,1.1810343776667074,1.0838547017260443,1.3258838229915884,1.177034434624403,1.6880074363037911
tsb,dead13,smooth,1442.0,0.00038797983581080793,300.0,-734.0,-11274.0,-426.0,1.0860743625306732,1.1753096479791396,1.1451589672463458,1.295648631029987,1.2928704790355274,1.5964960886571056,1.0635215512642697,1.129375814863103,1.1226061559799423,1.2497147979139505,1.2703176677691241,1.550562255541069,1.0409687399978662,1.0834419817470664,1.100053344713539,1.203780964797914,1.2477648565027206,1.5046284224250326
tsb,dead13,erratic,1124.0,0.0009442624713633924,125.0,-838.0,-8525.0,-162.0,1.029542499315631,1.1161040882194726,1.0583681220914318,1.229390801506186,1.1304321790309335,1.5126075847229694,1.007664077470572,1.0301203604088218,1.0364897002463729,1.1434070736955353,1.1085537571858746,1.4266238569123184,0.9857856556255133,0.944136632598171,1.014611278401314,1.0574233458848843,1.0866753353408158,1.3406401291016674
tsb,dead13,intermittent,2807.0,0.006090614985039262,305.0,-1915.0,-24717.0,-823.0,1.1551005727439643,1.4880799413590895,1.2137396892384424,1.672609089341152,1.3603374804746375,2.133931959296309,1.1297001315392836,1.408148283890997,1.1883392480337618,1.5926774318730597,1.334937039269957,2.0540003018282165,1.1042996903346032,1.3282166264229047,1.1629388068290811,1.5127457744049673,1.3095365980652764,1.9740686443601243
tsb,dead13,lumpy,4436.0,0.01059325575453067,409.0,-3798.0,-24965.0,-417.0,1.0597588784074359,1.4155021702435497,1.07855959977804,1.5462231733783458,1.1255614032045502,1.8730256812153365,1.0435247884441978,1.302626898963106,1.0623255098148021,1.433347902097902,1.1093273132413122,1.7601504099348926,1.02729069848096,1.1897516276826623,1.046091419851564,1.3204726308174584,1.0930932232780746,1.647275138654449
tsb,dead26,all,1128.0,0.0001949309317197384,16.0,-1065.0,-10733.0,-176.0,1.1428719994544463,3.5580891330891333,1.1740776732133116,4.116819291819292,1.2520918576104747,5.513644688644688,1.1154246794871796,3.066651404151404,1.146630353246045,3.6253815628815627,1.224644537643208,5.02220695970696,1.0879773595199127,2.5752136752136754,1.119183033278778,3.133943833943834,1.1971972176759411,4.530769230769231
tsb,dead26,smooth,190.0,5.112078280447538e-05,6.0,-178.0,-1715.0,-6.0,0.9921153846153846,0.8751602564102564,0.9984311740890688,0.9751602564102564,1.0142206477732794,1.2251602564102564,0.966077935222672,0.46290064102564105,0.9723937246963562,0.562900641025641,0.9881831983805668,0.812900641025641,0.9400404858299595,0.05064102564102561,0.9463562753036437,0.15064102564102555,0.9621457489878543,0.40064102564102555
tsb,dead26,erratic,120.0,0.00010081094000320915,1.0,-118.0,-528.0,-1.0,0.9940384615384615,0.6423076923076924,0.9957051282051281,0.7423076923076923,0.9998717948717949,0.9923076923076923,0.9813461538461539,-0.11923076923076936,0.9830128205128206,-0.019230769230769384,0.9871794871794872,0.23076923076923062,0.9686538461538461,-0.8807692307692306,0.9703205128205128,-0.7807692307692307,0.9744871794871794,-0.5307692307692307
tsb,dead26,intermittent,549.0,0.0011912175371523175,2.0,-464.0,-4631.0,-119.0,1.1143792910186354,1.7387556561085975,1.1577308392882164,2.0187556561085973,1.266109709962169,2.718755656108597,1.090046588202326,1.5815950226244346,1.133398136471907,1.8615950226244344,1.2417770071458596,2.5615950226244344,1.0657138853860166,1.4244343891402718,1.1090654336555976,1.7044343891402716,1.2174443043295502,2.4044343891402713
tsb,dead26,lumpy,269.0,0.0006423773214537309,7.0,-305.0,-3859.0,-50.0,1.3738990563340006,,1.4110737775235915,,1.5040105804975694,,1.3325171575636259,,1.3696918787532169,,1.4626286817271947,,1.2911352587932514,,1.3283099799828424,,1.4212467829568203,
tsb_nb,quantile,all,53343.0,0.009218263023693267,4417.0,-46685.0,-319708.0,-2241.0,1.001077497011359,1.0086327610509047,1.0094797241076978,1.0759502738175013,1.0304852918485448,1.2442440557339929,0.9837887315616353,0.8701174989024193,0.9921909586579739,0.9374350116690159,1.013196526398821,1.1057287935855074,0.9664999661119115,0.731602236753934,0.9749021932082502,0.7989197495205305,0.9959077609490972,0.9672135314370219
tsb_nb,quantile,smooth,8102.0,0.0021798978014834713,1243.0,-5811.0,-62484.0,-1048.0,1.0239741374399485,1.0847832656213277,1.0498442929571046,1.1762716986200181,1.1145196817499954,1.4049927811167444,1.0017274936862692,1.0061091898062653,1.0275976492034256,1.0975976228049558,1.0922730379963161,1.326318705301682,0.9794808499325902,0.927435113991203,1.0053510054497465,1.0189235469898934,1.0700263942426371,1.24764462948662
tsb_nb,quantile,erratic,11049.0,0.009282167300795483,1016.0,-9672.0,-63262.0,-361.0,0.9987910496599065,0.9902994246131501,1.0053255776714913,1.0427322495949947,1.0216618977004532,1.1738143120496063,0.9822749361237006,0.8577747053237249,0.9888094641352855,0.9102075303055696,1.0051457841642475,1.041289592760181,0.9657588225874948,0.7252499860342998,0.9722933505990796,0.7776828110161444,0.9886296706280415,0.9087648734707559
tsb_nb,quantile,intermittent,3944.0,0.008557672070179854,723.0,-2902.0,-23469.0,-319.0,1.012821325479794,1.0485290860770706,1.0289977960680294,1.1097574929868597,1.0694389725386175,1.262828510261332,0.9956562548759557,0.983558799645652,1.011832725464191,1.0447872065554407,1.0522739019347793,1.197858223829913,0.9784911842721175,0.9185885132142331,0.9946676548603526,0.9798169201240219,1.035108831330941,1.132887937398494
tsb_nb,quantile,lumpy,30248.0,0.07223282237670056,1435.0,-28300.0,-170493.0,-513.0,0.9942485072121743,0.9106924261570052,0.9976404670111692,0.963361830674459,1.0061203665086567,1.0950353419680934,0.9779893584826969,0.658224905228242,0.981381318281692,0.7108943097456957,0.9898612177791793,0.8425678210393303,0.9617302097532195,0.4057573842994787,0.9651221695522145,0.45842678881693255,0.9736020690497019,0.590100300110567
tsb_nb,fixed,all,19308.0,0.0033366369057133945,6579.0,-7662.0,-77977.0,-5067.0,1.0709625145416009,1.1176493414708253,1.123448530700706,1.2046663430164204,1.2546635710984686,1.422208846880408,1.059312749996016,1.0983351001994741,1.1117987661551212,1.1853521017450694,1.2430138065528837,1.402894605609057,1.0476629854504311,1.0790208589281232,1.100149001609536,1.1660378604737183,1.2313640420072987,1.383580364337706
tsb_nb,fixed,smooth,2427.0,0.0006530007361392724,219.0,-2103.0,-7340.0,-105.0,1.0071630059269119,1.053656220322887,1.0158156635288897,1.1184710351377016,1.037447307533834,1.2805080721747388,0.9984390352128301,0.9883072174738841,1.0070916928148077,1.053122032288699,1.0287233368197521,1.215159069325736,0.989715064498748,0.9229582146248814,0.9983677221007258,0.9877730294396961,1.01999936610567,1.1498100664767332
tsb_nb,fixed,erratic,2072.0,0.0017406688973887446,244.0,-1717.0,-6991.0,-111.0,1.0095829002079002,1.055931744312026,1.0202971859221859,1.1184669555796316,1.0470829002079003,1.2748049837486457,0.9998501076626076,0.9991251354279522,1.0105643933768933,1.061660346695558,1.0373501076626075,1.2179983748645722,0.9901173151173152,0.9423185265438787,1.0008316008316007,1.0048537378114843,1.0276173151173151,1.1611917659804984
tsb_nb,fixed,intermittent,2967.0,0.00643778220898165,1315.0,-1157.0,-15668.0,-495.0,1.0398952580954604,1.0653973650658735,1.073262295506987,1.1200934976625585,1.156679889035804,1.256833829154271,1.0246623110627155,1.040427114322142,1.0580293484742425,1.095123246918827,1.1414469420030593,1.2318635784105398,1.0094293640299707,1.0154568635784105,1.0427964014414974,1.0701529961750955,1.1262139949703145,1.2068933276668083
tsb_nb,fixed,lumpy,11842.0,0.028278930262658295,4801.0,-2685.0,-47978.0,-4356.0,1.1025616125134787,1.132634554481229,1.1761302664570694,1.2277748842835663,1.360051901316046,1.4656257087894087,1.090874559910618,1.1175206441478145,1.1644432138542087,1.2126609739501517,1.3483648487131852,1.4505117984559943,1.0791875073077573,1.1024067338144001,1.152756161251348,1.1975470636167371,1.3366777961103244,1.4353978881225797
tsb_nb,dead13,all,13030.0,0.0022517287591384675,1841.0,-9526.0,-84584.0,-1973.0,1.0567335734104728,1.210969880576045,1.087017533502568,1.3235840358271866,1.162727433732806,1.6051194239550406,1.038008146879981,1.1413373726729892,1.0682921069720763,1.253951527924131,1.1440020072023143,1.5354869160519846,1.0192827203494894,1.0717048647699332,1.0495666804415846,1.184319020021075,1.1252765806718223,1.4658544081489289
tsb_nb,dead13,smooth,1832.0,0.0004929119689357837,528.0,-761.0,-12395.0,-543.0,1.0759080030231778,1.1298445019033254,1.1351874790057104,1.231245062127415,1.2833861689620423,1.484746462687639,1.0563911865972455,1.096459994254112,1.1156706625797783,1.1978605544782015,1.2638693525361102,1.4513619550384256,1.0368743701713135,1.0630754866048984,1.0961538461538463,1.164476046828988,1.2443525361101782,1.4179774473892122
tsb_nb,dead13,erratic,1543.0,0.001296260670207931,156.0,-1179.0,-11550.0,-208.0,1.0260456652874022,1.1104078613694,1.0530061319108628,1.224693575655114,1.1204072984695148,1.5104078613693999,1.0044531133157186,1.0188767962806426,1.0314135799391795,1.1331625105663565,1.0988147464978313,1.4188767962806423,0.9828605613440352,0.9273457311918851,1.009821027967496,1.0416314454775992,1.077222194526148,1.327345731191885
tsb_nb,dead13,intermittent,3142.0,0.006817496360168636,430.0,-2111.0,-26647.0,-812.0,1.1283754835234785,1.3912277102141313,1.1800623072026637,1.5487446840259642,1.3092793664006268,1.9425371185555471,1.1039113377074867,1.3166725733044842,1.155598161386672,1.4741895471163173,1.2848152205846348,1.8679819816459002,1.079447191891495,1.242117436394837,1.13113401557068,1.39963441020667,1.260351074768643,1.793426844736253
tsb_nb,dead13,lumpy,6513.0,0.015553172842483826,727.0,-5475.0,-33992.0,-410.0,1.0240489435330522,1.1508966948273305,1.036639147740023,1.229894768045057,1.0681146582574497,1.427389951089373,1.008993846626274,1.0564324885134133,1.0215840508332448,1.1354305617311398,1.0530595613506715,1.3329257447754557,0.9939387497194959,0.961968282199496,1.0065289539264666,1.0409663554172226,1.0380044644438933,1.2384615384615385
tsb_nb,dead26,all,1189.0,0.00020547240941025616,26.0,-1084.0,-8497.0,-145.0,1.0783512324513165,1.8872344322344323,1.1027414763537555,2.1634249084249086,1.1637170861098531,2.853901098901099,1.057736785922236,1.6538003663003662,1.082127029824675,1.9299908424908425,1.1431026395807726,2.6204670329670328,1.0371223393931552,1.4203663003663003,1.0615125832955943,1.6965567765567766,1.122488193051692,2.387032967032967
tsb_nb,dead26,smooth,140.0,3.7667945224350285e-05,10.0,-124.0,-1061.0,-6.0,0.998282967032967,0.9849759615384616,1.0068543956043956,1.0599759615384614,1.028282967032967,1.2474759615384614,0.9764217032967033,0.7936899038461539,0.9849931318681318,0.8686899038461539,1.0064217032967033,1.0561899038461537,0.9545604395604396,0.6024038461538461,0.963131868131868,0.6774038461538461,0.9845604395604395,0.8649038461538461
tsb_nb,dead26,erratic,136.0,0.0001142523986703037,1.0,-134.0,-621.0,-1.0,0.9934247737556561,0.5528846153846154,0.9948953619909503,0.6528846153846154,0.9985718325791856,0.9028846153846154,0.9802531108597285,-0.34278846153846165,0.9817236990950226,-0.24278846153846168,0.9854001696832578,0.007211538461538325,0.9670814479638009,-1.2384615384615385,0.968552036199095,-1.1384615384615384,0.9722285067873303,-0.8884615384615384
tsb_nb,dead26,intermittent,580.0,0.0012584811867911551,2.0,-498.0,-4415.0,-103.0,1.0782924403183023,1.5537757973733584,1.1138096816976126,1.8049953095684803,1.2026027851458885,2.4330440900562853,1.056334549071618,1.3984638836772982,1.0918517904509284,1.6496833958724202,1.1806448938992042,2.277732176360225,1.0343766578249336,1.2431519699812386,1.069893899204244,1.4943714821763603,1.15868700265252,2.122420262664165
tsb_nb,dead26,lumpy,333.0,0.0007952105875245071,13.0,-328.0,-2400.0,-35.0,1.1468006468006466,10.776923076923078,1.1678216678216677,12.176923076923078,1.2203742203742203,15.676923076923078,1.126010626010626,9.392307692307693,1.147031647031647,10.792307692307691,1.1995841995841996,14.292307692307693,1.1052206052206053,8.007692307692306,1.1262416262416262,9.407692307692306,1.178794178794179,12.907692307692306
ets,quantile,all,3200.0,0.0005529955509779813,606.0,-2396.0,-40967.0,-198.0,0.9939429086538462,0.9758921737466515,1.006317908653846,1.025145905089935,1.0372554086538461,1.148280233448144,0.9570135216346154,0.8289095388442403,0.9693885216346154,0.8781632701875239,1.0003260216346155,1.0012975985457329,0.9200841346153845,0.6819269039418292,0.9324591346153847,0.7311806352851129,0.9633966346153846,0.8543149636433218
ets,quantile,smooth,321.0,8.636721726440315e-05,24.0,-267.0,-3964.0,-30.0,1.0042894799904145,1.0254985754985755,1.0229810687754612,1.1366096866096866,1.069710040738078,1.4143874643874643,0.9686676252096812,0.8137464387464388,0.9873592139947279,0.9248575498575499,1.0340881859573448,1.2026353276353277,0.933045770428948,0.601994301994302,0.9517373592139947,0.7131054131054131,0.9984663311766115,0.9908831908831909
ets,quantile,erratic,350.0,0.00029403190834269337,0.0,-350.0,-3960.0,0.0,0.9782417582417582,,0.9782417582417582,,0.9782417582417582,,0.9456043956043956,,0.9456043956043956,,0.9456043956043956,,0.912967032967033,,0.912967032967033,,0.912967032967033,
ets,quantile,intermittent,312.0,0.0006769760866876558,128.0,-161.0,-2932.0,-23.0,1.004043392504931,1.0083545593479368,1.0187869822485207,1.0388181355068773,1.055645956607495,1.1149770759042281,0.9769354043392505,0.9523433520122263,0.9916789940828403,0.9828069281711667,1.0285379684418148,1.0589658685685177,0.9498274161735699,0.8963321446765155,0.9645710059171597,0.9267957208354558,1.0014299802761342,1.0029546612328069
ets,quantile,lumpy,2217.0,0.00529423985748298,454.0,-1618.0,-30111.0,-145.0,0.9935021338607265,0.9759503017850263,1.0065828735991118,1.0243643251573133,1.0392847229450748,1.1453993835880314,0.9543236702404497,0.8309442018749197,0.9674044099788349,0.8793582252472069,1.000106259324798,1.0003932836779248,0.9151452066201727,0.6859381019648131,0.9282259463585579,0.7343521253371003,0.960927795704521,0.8553871837678181
ets,fixed,all,179036.0,0.03093940983277933,155990.0,-12364.0,-589840.0,-10682.0,1.0115635531831157,1.0124213563627502,1.0234963488219817,1.025239346187076,1.0533283379191465,1.05728432074789,1.0020600927703411,1.002212913802143,1.0139928884092069,1.0150309036264686,1.0438248775063719,1.0470758781872826,0.9925566323575662,0.9920044712415356,1.004489427996432,1.0048224610658611,1.0343214170935968,1.0368674356266752
ets,fixed,smooth,19149.0,0.005152167736436311,16409.0,-2575.0,-69148.0,-165.0,0.9956406641037692,0.9949633810138214,0.9973639916926772,0.9969544513649738,1.0016723106649474,1.001932127242855,0.9852241731843799,0.9829285442444607,0.986947500773288,0.9849196145956131,0.9912558197455581,0.9898972904734941,0.9748076822649907,0.9708937074751001,0.9765310098538987,0.9728847778262525,0.9808393288261688,0.9778624537041335
ets,fixed,erratic,18713.0,0.015720626002333773,13512.0,-3990.0,-83573.0,-1211.0,1.0108257731153578,1.0137596068944978,1.023768647053262,1.030210058568749,1.0561258318980224,1.071336187754377,0.9979429664281104,0.9973855009691796,1.0108858403660146,1.0138359526434306,1.043243025210775,1.0549620818290586,0.985060159740863,0.9810113950438611,0.998003033678767,0.9974618467181124,1.0303602185235274,1.0385879759037404
ets,fixed,intermittent,34626.0,0.07513132685143195,32073.0,-1398.0,-106834.0,-1155.0,1.004073528562352,1.0042449139280125,1.010744816034194,1.0111968821475865,1.027423034713799,1.0285768026965212,0.9951734245942355,0.9949703563259902,1.0018447120660776,1.001922324545564,1.0185229307456825,1.0193022450944986,0.986273320626119,0.9856957987239677,0.992944608097961,0.9926477669435415,1.009622826777566,1.010027687492476
ets,fixed,lumpy,106548.0,0.254438731770454,93996.0,-4401.0,-330285.0,-8151.0,1.016988930232961,1.0177208977107652,1.0322890766458455,1.033680250408348,1.0705394426780561,1.0735786321523053,1.008046996153413,1.0083937007073516,1.0233471425662972,1.0243530534049345,1.061597508598508,1.0642514351488916,0.999105062073865,0.999066503703938,1.0144052084867492,1.0150258564015209,1.05265557451896,1.0549242381454782
ets,dead13,all,20728.0,0.003582028681459874,5773.0,-25795.0,-506555.0,-4380.0,1.7506684566398478,,1.7929301316687942,,1.89858431924116,,1.6801736502835258,,1.722435325312472,,1.828089512884838,,1.6096788439272036,,1.65194051895615,,1.757594706528516,
ets,dead13,smooth,4261.0,0.001146450818578261,747.0,-4742.0,-99567.0,-574.0,1.4183818352499413,,1.4453238676367048,,1.512678948603614,,1.3509768833607134,,1.3779189157474772,,1.4452739967143864,,1.2835719314714855,,1.3105139638582493,,1.3778690448251585,
ets,dead13,erratic,3071.0,0.002579919972915461,728.0,-2324.0,-40571.0,-533.0,1.1940341407208876,1.7976959118525382,1.2287459609748765,1.9404000617856036,1.315525511609849,2.2971604366182676,1.1559254690278786,1.6410269282257233,1.1906372892818675,1.7837310781587887,1.27741683991684,2.1404914529914527,1.1178167973348696,1.4843579445989084,1.1525286175888585,1.6270620945319738,1.239308168223831,1.9838224693646378
ets,dead13,intermittent,4430.0,0.009612192512904856,1082.0,-5627.0,-127285.0,-1840.0,1.9991469873241883,,2.082216964750825,,2.2898919083174163,,1.916264759506859,,1.9993347369334955,,2.2070096805000867,,1.8333825316895294,,1.916452509116166,,2.1241274526827576,
ets,dead13,lumpy,8966.0,0.021410985368602795,3216.0,-13102.0,-239132.0,-1433.0,1.9764700835635478,,2.008435285437293,,2.088348290121656,,1.8995345664819232,,1.9314997683556683,,2.0114127730400315,,1.8225990494002986,,1.854564251274044,,1.934477255958407,
ets,dead26,all,9495.0,0.0016408414864174789,1871.0,-15510.0,-313578.0,-1428.0,1.9625450642038318,,1.9926240531453803,,2.0678215254992507,,1.867278932231539,,1.8973579211730869,,1.9725553935269575,,1.7720128002592457,,1.8020917892007937,,1.8772892615546641,
ets,dead26,smooth,3596.0,0.0009675280787625972,78.0,-3504.0,-44131.0,-27.0,0.9822671558141525,0.30687709030100335,0.9837688243347309,0.3655727424749164,0.987522995636177,0.512311872909699,0.9468664434842132,-1.0768290133779268,0.9483681120047917,-1.0181333612040135,0.9521222833062377,-0.8713942307692311,0.911465731154274,-2.4605351170568563,0.9129673996748524,-2.401839464882943,0.9167215709762985,-2.2551003344481604
ets,dead26,erratic,1282.0,0.001076996875700951,8.0,-1273.0,-9580.0,-1.0,0.9858634345373815,-1.0136752136752136,0.9860194407776312,-0.9914529914529915,0.9864094563782552,-0.9358974358974359,0.964307572302892,-4.084188034188035,0.9644635785431417,-4.061965811965813,0.9648535941437657,-4.006410256410257,0.9427517100684027,-7.154700854700855,0.9429077163086524,-7.132478632478633,0.9432977319092765,-7.076923076923077
ets,dead26,intermittent,2257.0,0.004897227652737305,312.0,-3759.0,-84939.0,-774.0,2.177162502982175,,2.2457491223884665,,2.4172156709041954,,2.068604086431955,,2.137190705838247,,2.3086572543539754,,1.9600456698817355,,2.028632289288027,,2.200098837803756,
ets,dead26,lumpy,2360.0,0.00563572668635987,1473.0,-6974.0,-174928.0,-626.0,3.7815254237288136,,3.8345762711864406,,3.967203389830509,,3.5677118644067796,,3.6207627118644066,,3.7533898305084747,,3.3538983050847455,,3.4069491525423725,,3.5395762711864407,
lgb_tweedie,quantile,all,20281.0,0.003504782115432637,10895.0,-8208.0,-188996.0,-1178.0,0.9995042726614148,0.9991672454109296,1.0111210568436544,1.0186818648095877,1.040163017299253,1.067468413306233,0.972622917243498,0.9540102198803433,0.9842397014257376,0.9735248392790015,1.0132816618813363,1.022311387775647,0.9457415618255813,0.9088531943497569,0.9573583460078208,0.928367813748415,0.9864003064634196,0.9771543622450605
lgb_tweedie,quantile,smooth,4697.0,0.001263759562276952,4026.0,-535.0,-27137.0,-136.0,0.9975757848708668,0.9972641666358629,1.0033667152519612,1.0037994861937678,1.017844041204697,1.0201377850885298,0.9809098688197048,0.9784559475843715,0.9867007992007993,0.9849912671422764,1.001178125153535,1.0013295660370385,0.9642439527685429,0.9596477285328799,0.9700348831496373,0.9661830480907847,0.984512209102373,0.9825213469855468
lgb_tweedie,quantile,erratic,3166.0,0.0026597286337513345,1523.0,-1424.0,-31627.0,-219.0,1.001541012682832,1.0028007153581207,1.0153755041547208,1.0279442285613354,1.0499617328344428,1.090803011569372,0.9727249258953302,0.9504288836880687,0.986559417367219,0.9755723968912833,1.021145646046941,1.03843117989932,0.9439088391078285,0.8980570520180164,0.9577433305797172,0.9232005652212312,0.9923295592594392,0.9860593482292679
lgb_tweedie,quantile,intermittent,1880.0,0.004079214881323054,1229.0,-407.0,-10589.0,-244.0,1.0281045417348609,1.035870019322158,1.0540619885433715,1.0689996866677112,1.1189556055646481,1.1518238550315945,1.0118570990180034,1.0151332967778997,1.037814545826514,1.0482629641234529,1.1027081628477906,1.1310871324873362,0.9956096563011457,0.9943965742336415,1.0215671031096563,1.0275262415791948,1.0864607201309329,1.1103504099430779
lgb_tweedie,quantile,lumpy,10538.0,0.02516495246646623,4117.0,-5842.0,-119643.0,-579.0,0.9946495831934246,0.9879934641593501,1.005638385622728,1.0126527486567944,1.0331103916959867,1.074300959900406,0.9618991525176286,0.9145002702791246,0.972887954946932,0.9391595547765693,1.0003599610201908,1.0008077660201808,0.9291487218418325,0.8410070763988993,0.940137524271136,0.8656663608963439,0.9676095303443946,0.9273145721399553
lgb_tweedie,fixed,all,72237.0,0.012483356129998886,43604.0,-14208.0,-280455.0,-14425.0,1.0524407638957662,1.0652805228685391,1.0923787458163887,1.1149970439183592,1.1922237006179446,1.239288346542909,1.0412414504180152,1.0513391348092533,1.0811794323386374,1.1010556558590732,1.1810243871401935,1.225346958483623,1.030042136940264,1.037397746749967,1.0699801188608864,1.0871142677997871,1.1698250736624423,1.211405570424337
lgb_tweedie,fixed,smooth,12189.0,0.003279532745282897,8089.0,-3937.0,-70789.0,-163.0,0.9928433265807127,0.9894289030165181,0.9955178692011082,0.9933794604571387,1.0022042257520969,1.0032558540586898,0.9760905955558922,0.9646835032998993,0.9787651381762876,0.9686340607405198,0.9854514947272762,0.978510454342071,0.9593378645310715,0.9399381035832806,0.962012407151467,0.943888661023901,0.9686987637024556,0.9537650546254521
lgb_tweedie,fixed,erratic,8295.0,0.006968556227721833,3172.0,-3247.0,-38578.0,-1876.0,1.058904344600547,1.0967930939900037,1.1041364121110955,1.1711195599171036,1.2172165808874669,1.356935724734853,1.0454887096026337,1.0747481866390347,1.0907207771131822,1.1490746525661342,1.2038009458895533,1.3348908173838838,1.0320730746047202,1.0527032792880653,1.0773051421152686,1.1270297452151652,1.19038531089164,1.3128459100329148
lgb_tweedie,fixed,intermittent,21141.0,0.0458716392585376,17888.0,-2204.0,-78093.0,-1049.0,1.0077820894870704,1.008687815062901,1.0177059341491015,1.0197666554283231,1.0425155458041793,1.0474637563418785,0.9971265732281057,0.9967921468350522,1.007050417890137,1.0078709872004743,1.0318600295452147,1.03556808811403,0.9864710569691413,0.9848964786072036,0.9963949016311724,0.9959753189726258,1.0212045132862502,1.0236724198861813
lgb_tweedie,fixed,lumpy,30612.0,0.0731020615774781,14455.0,-4820.0,-92995.0,-11337.0,1.1052614485018444,1.1249326714306165,1.1793304410537848,1.2128436515794998,1.3645029224336358,1.4326211019517083,1.0964983880127452,1.1145319732415537,1.1705673805646857,1.2024429533904373,1.3557398619445367,1.4222204037626456,1.0877353275236459,1.104131275052491,1.161804320075586,1.1920422552013743,1.3469768014554373,1.4118197055735826
lgb_tweedie,dead13,all,20661.0,0.0035704503371112722,3635.0,-18990.0,-329802.0,-3920.0,1.3110094082868875,4.845461032085807,1.3489552966756393,5.314641163743498,1.4438200176475187,6.487591492887723,1.2649636252620136,4.276130138562813,1.3029095136507653,4.745310270220504,1.3977742346226447,5.918260599364729,1.2189178422371394,3.7067992450398197,1.2568637306258912,4.1759793766975095,1.3517284515977706,5.348929705841734
lgb_tweedie,dead13,smooth,5683.0,0.001529049519357019,1135.0,-5208.0,-104505.0,-605.0,1.2191674900851392,3.622165991902834,1.2404590614382978,3.876902834008097,1.2936879898211942,4.513744939271255,1.1661221389028005,2.9875202429149796,1.187413710255959,3.242257085020243,1.2406426386388554,3.8790991902834007,1.113076787720462,2.3528744939271253,1.1343683590736204,2.6076113360323885,1.1875972874565168,3.2444534412955464
lgb_tweedie,dead13,erratic,3004.0,0.0025236338647470023,743.0,-1911.0,-31351.0,-544.0,1.0988380876779678,1.2716464916602153,1.1350564631773021,1.371189035118587,1.2256024019256377,1.6200453937645156,1.0687330354399263,1.1889057991413892,1.1049514109392604,1.2884483425997608,1.195497349687596,1.5373047012456895,1.0386279832018845,1.106165106622563,1.074846358701219,1.2057076500809347,1.1653922974495545,1.4545640087268634
lgb_tweedie,dead13,intermittent,5076.0,0.011013880179572246,996.0,-5003.0,-101733.0,-1782.0,1.5996768351821542,42.69807692307692,1.6698896011396012,47.580268703898845,1.8454215160332181,59.78574815595364,1.5418634827544402,38.67806902002108,1.6120762487118871,43.560260800843,1.7876081636055041,55.765740252897785,1.484050130326726,34.65806111696523,1.554262896284173,39.54025289778714,1.72979481117779,51.74573234984194
lgb_tweedie,dead13,lumpy,6898.0,0.01647256045869084,761.0,-6868.0,-92213.0,-989.0,1.2666522626402301,62.312243589743595,1.2953272408947967,68.90557692307692,1.367014686531213,85.38891025641026,1.2280905000334548,53.445608974358976,1.256765478288021,60.03894230769231,1.3284529239244374,76.52227564102563,1.189528737426679,44.578974358974364,1.2182037156812453,51.17230769230768,1.2898911613176616,67.65564102564102
lgb_tweedie,dead26,all,7802.0,0.0013482722777281907,-31.0,-9296.0,-143181.0,-969.0,1.3136826356161142,,1.3385224202867114,,1.4006218819632046,,1.2607446562025515,,1.285584440873149,,1.3476839025496423,,1.207806676788989,,1.2326464614595862,,1.2947459231360796,
lgb_tweedie,dead26,smooth,3617.0,0.0009731782705462498,94.0,-3505.0,-41076.0,-25.0,0.9821696688713554,0.42417582417582417,0.9835520299440675,0.4688186813186813,0.987007932625848,0.5804258241758242,0.9494109015120904,-0.6337568681318684,0.9507932625848026,-0.5891140109890112,0.9542491652665831,-0.4775068681318683,0.9166521341528253,-1.6916895604395603,0.9180344952255375,-1.6470467032967033,0.921490397907318,-1.5354395604395603
lgb_tweedie,dead26,erratic,641.0,0.0005384984378504755,6.0,-634.0,-5154.0,-1.0,0.9850054002160087,-0.37307692307692325,0.9853174126965079,-0.34450549450549467,0.9860974438977559,-0.2730769230769233,0.9618114724588984,-2.4969780219780224,0.9621234849393975,-2.468406593406594,0.9629035161406456,-2.3969780219780223,0.9386175447017882,-4.620879120879122,0.9389295571822872,-4.592307692307693,0.9397095883835352,-4.520879120879122
lgb_tweedie,dead26,intermittent,2123.0,0.004606475102685556,116.0,-2841.0,-55612.0,-659.0,1.7459980434073699,,1.808080002898656,,1.9632849016268705,,1.6704355230261967,,1.7325174825174825,,1.8877223812456971,,1.5948730026450235,,1.6569549621363093,,1.8121598608645242,
lgb_tweedie,dead26,lumpy,1421.0,0.0033933761107277013,-247.0,-2316.0,-41339.0,-284.0,1.6598887565636333,,1.6998606073729225,,1.7997902343961456,,1.5759710117468737,,1.615942862556163,,1.715872489579386,,1.4920532669301143,,1.5320251177394033,,1.6319547447626264,
lgb_conformal,quantile,all,4815.0,0.0008320854931121812,508.0,-4177.0,-58810.0,-130.0,0.984611390686157,0.8838618278273451,0.9900111830018371,0.9246141789245238,1.0035106637910376,1.0264950566674704,0.9493789440051122,0.6179617795997105,0.9547787363207924,0.6587141306968892,0.9682782171099927,0.760595008439836,0.9141464973240675,0.35206173137207614,0.9195462896397476,0.3928140824692548,0.933045770428948,0.49469496021220155
lgb_conformal,quantile,smooth,775.0,0.00020851898249193905,257.0,-510.0,-10550.0,-8.0,0.9769181141439206,0.9324963715529753,0.9789826302729528,0.9385341074020319,0.9841439205955335,0.9536284470246734,0.9376501240694789,0.817656023222061,0.9397146401985113,0.8236937590711176,0.9448759305210919,0.8387880986937591,0.8983821339950373,0.7028156748911466,0.9004466501240694,0.7088534107402031,0.90560794044665,0.7239477503628446
lgb_conformal,quantile,erratic,410.0,0.0003444373783442979,0.0,-410.0,-5319.0,0.0,0.9750515947467167,,0.9750515947467167,,0.9750515947467167,,0.9376289868667919,,0.9376289868667919,,0.9376289868667919,,0.9002063789868668,,0.9002063789868668,,0.9002063789868668,
lgb_conformal,quantile,intermittent,865.0,0.001876872804438533,230.0,-563.0,-6633.0,-72.0,1.0102245442418853,1.0292855323484462,1.026871943085816,1.076967651553744,1.0684904401956425,1.1961729495669893,0.9881047132058692,0.9659290626591951,1.0047521120498,1.013611181864493,1.0463706091596265,1.132816479877738,0.9659848821698533,0.9025725929699441,0.9826322810137839,0.9502547121752419,1.0242507781236105,1.069460010188487
lgb_conformal,quantile,lumpy,2765.0,0.006602874698214,21.0,-2694.0,-36308.0,-50.0,0.980172485742106,0.22784398699891653,0.9837891222701349,0.36868905742145175,0.9928307135902074,0.7208017334777898,0.9422937821671998,-1.247291440953413,0.9459104186952288,-1.1064463705308778,0.9549520100153012,-0.7543336944745397,0.9044150785922939,-2.7224268689057425,0.9080317151203228,-2.581581798483207,0.9170733064403951,-2.229469122426869
lgb_conformal,fixed,all,99939.0,0.017270569490371396,62616.0,-17480.0,-385180.0,-19843.0,1.0521535059463196,1.063209221925675,1.0918637291824937,1.1113373825873372,1.1911392872729287,1.2316577842414926,1.0410357625844073,1.0497346933254477,1.0807459858205812,1.0978628539871096,1.1800215439110164,1.218183255641265,1.029918019222495,1.03626016472522,1.069628242458669,1.0843883253868822,1.1689038005491041,1.2047087270410377
lgb_conformal,fixed,smooth,13295.0,0.003577109512555264,8609.0,-4538.0,-71202.0,-148.0,0.9930404721265947,0.9894339473476165,0.9952668730291897,0.9928141003680573,1.0008328752856772,1.0012644829191593,0.977591778285648,0.9659795240730491,0.9798181791882431,0.9693596770934899,0.9853841814447305,0.9778100596445919,0.9621430844447016,0.9425251007984822,0.9643694853472965,0.9459052538189228,0.9699354876037839,0.9543556363700247
lgb_conformal,fixed,erratic,9929.0,0.008341265194098864,4200.0,-2928.0,-39747.0,-2801.0,1.0769325673822603,1.1091077648248053,1.1333531535440087,1.1891249052333184,1.2744046189483798,1.3891677562546012,1.0653850995917165,1.0927308461428586,1.121805685753465,1.172747986551372,1.2628571511578361,1.3727908375726545,1.0538376318011728,1.0763539274609122,1.1102582179629215,1.1563710678694252,1.2513096833672923,1.3564139188907078
lgb_conformal,fixed,intermittent,25696.0,0.05575505616514745,21553.0,-2920.0,-101526.0,-1223.0,1.0066803273781013,1.007536779606063,1.0161993186607912,1.0182761543865337,1.0399967968675161,1.0451245913377103,0.9952830880592011,0.9946783557590987,1.004802079341891,1.0054177305395693,1.0285995575486158,1.032266167490746,0.9838858487403008,0.9818199319121342,0.9934048400229907,0.9925593066926048,1.0172023182297154,1.0194077436437816
lgb_conformal,fixed,lumpy,51019.0,0.1218343812760145,28254.0,-7094.0,-172705.0,-15671.0,1.0856381936141437,1.0994689812179852,1.1470702091377722,1.1708224245873649,1.3006502479468434,1.349206033010814,1.0758734491071955,1.0881272054638589,1.1373054646308238,1.1594806488332385,1.290885503439895,1.3378642572566875,1.066108704600247,1.0767854297097326,1.1275407201238754,1.1481388730791122,1.2811207589329465,1.3265224815025611
lgb_conformal,dead13,all,20518.0,0.0035457383484269436,3122.0,-22275.0,-391633.0,-4127.0,1.4625674829605524,,1.5027955753672197,,1.603365806383888,,1.4075079948562987,,1.447736087262966,,1.5483063182796344,,1.352448506752045,,1.3926765991587124,,1.4932468301753807,
lgb_conformal,dead13,smooth,5111.0,0.0013751490574403877,740.0,-5299.0,-101944.0,-571.0,1.28844724049185,,1.3107912044910675,,1.366651114489111,,1.230910705416673,,1.2532546694158904,,1.3091145794139336,,1.1733741703414957,,1.195718134340713,,1.2515780443387565,
lgb_conformal,dead13,erratic,2804.0,0.0023556156314083203,585.0,-1993.0,-32000.0,-539.0,1.1473471963129596,1.509447026463056,1.1857922747723033,1.6423693445888268,1.281904970920663,1.9746751399032534,1.1144271919236257,1.3956274305226217,1.1528722703829695,1.5285497486483923,1.2489849665313288,1.860855543962819,1.0815071875342916,1.2818078345821873,1.1199522659936354,1.4147301527079579,1.216064962141995,1.7470359480223845
lgb_conformal,dead13,intermittent,4998.0,0.010844636157900333,1047.0,-5717.0,-121936.0,-1825.0,1.7811139840551604,,1.8541431957398344,,2.036716224951519,,1.7107381414104104,,1.7837673530950842,,1.9663403823067689,,1.64036229876566,,1.7133915104503339,,1.8959645396620186,
lgb_conformal,dead13,lumpy,7605.0,0.018160890444816447,750.0,-9266.0,-135753.0,-1192.0,1.4864610832954028,,1.5178088807970465,,1.5961783745511555,,1.4349692762858444,,1.466317073787488,,1.544686567541597,,1.383477469276286,,1.4148252667779295,,1.4931947605320386,
lgb_conformal,dead26,all,9309.0,0.0016086986200168837,-189.0,-12011.0,-197531.0,-1135.0,1.3876498756373072,,1.4120348793971096,,1.4729973887966152,,1.3264401902212086,,1.350825193981011,,1.4117877033805168,,1.26523050480511,,1.2896155085649124,,1.3505780179644182,
lgb_conformal,dead26,smooth,3554.0,0.0009562276951952921,6.0,-3530.0,-42844.0,-27.0,0.9816285009306956,-1.7205128205128206,0.9831479156746461,-1.4955128205128208,0.9869464525345223,-0.9330128205128206,0.9468540322929744,-6.8700320512820525,0.9483734470369248,-6.645032051282052,0.952171983896801,-6.082532051282052,0.912079563655253,-12.019551282051282,0.9135989783992036,-11.794551282051282,0.9173975152590798,-11.232051282051282
lgb_conformal,dead26,erratic,842.0,0.0007073567623558509,-36.0,-877.0,-7493.0,-1.0,0.9832427370729033,,0.9834802667641148,,0.9840740909921433,,0.9575724008770327,,0.9578099305682441,,0.9584037547962726,,0.9319020646811621,,0.9321395943723735,,0.9327334186004019,
lgb_conformal,dead26,intermittent,2796.0,0.0060667472383932235,236.0,-3601.0,-72448.0,-689.0,1.6428386706283702,,1.6921233630461099,,1.815335094090459,,1.5680945306481786,,1.6173792230659183,,1.7405909541102673,,1.493350390667987,,1.5426350830857267,,1.6658468141300757,
lgb_conformal,dead26,lumpy,2117.0,0.005055437879247391,-395.0,-4003.0,-74746.0,-418.0,1.8930834635369354,,1.9325733076559717,,2.031297917953563,,1.7912348751862213,,1.8307247193052576,,1.9294493296028485,,1.6893862868355074,,1.7288761309545437,,1.8276007412521347,
hgb_quantile,quantile,all,168833.0,0.029176218080707972,29084.0,-133727.0,-2141023.0,-6022.0,0.986313387056577,0.9341778635254109,0.9934470635297784,0.96848538930448,1.0112812547127816,1.0542542037521527,0.9497326955767397,0.758252725810622,0.956866372049941,0.792560251589691,0.9747005632329443,0.8783290660373637,0.9131520040969023,0.5823275880958327,0.9202856805701036,0.6166351138749019,0.938119871753107,0.7024039283225747
hgb_quantile,quantile,smooth,21822.0,0.005871356433469799,1839.0,-19707.0,-290973.0,-276.0,0.9781521647173282,0.7745799236224769,0.980681722044796,0.8006792144026187,0.9870056153634652,0.8659274413529733,0.9396889078065185,0.3777264048008729,0.9422184651339862,0.4038256955810147,0.9485423584526554,0.46907392253136937,0.9012256508957086,-0.01912711402073101,0.9037552082231763,0.0069721767594108286,0.9100791015418456,0.07222040370976544
hgb_quantile,quantile,erratic,81374.0,0.06836157859850951,20499.0,-56778.0,-1014055.0,-4097.0,0.9911396051658912,0.9706860558940166,1.0012091605521325,1.0040004159525626,1.026383049017736,1.087286316098928,0.955192513295685,0.8517578296033126,0.9652620686819264,0.8850721896618587,0.9904359571475296,0.968358089808224,0.9192454214254788,0.7328296033126086,0.9293149768117203,0.7661439633711548,0.9544888652773235,0.84942986351752
hgb_quantile,quantile,intermittent,7235.0,0.01569846790764484,2767.0,-3967.0,-60735.0,-501.0,1.0046305353250757,1.0102515064494868,1.0184798787943223,1.0409124611618492,1.0531032374674392,1.117564847942755,0.9804153155068843,0.956641618020902,0.994264658976131,0.9873025727332643,1.0288880176492479,1.06395495951417,0.9562000956886928,0.9030317295923171,0.9700494391579395,0.9336926843046794,1.0046727978310563,1.0103450710855852
hgb_quantile,quantile,lumpy,58402.0,0.13946513132914792,3979.0,-53275.0,-775260.0,-1148.0,0.9803690864116877,0.7763829499932484,0.9843004586249681,0.8211654738863633,0.994128889158169,0.9331217836191505,0.9420771285493384,0.34019669622361254,0.9460085007626188,0.3849792201167274,0.9558369312958197,0.4969355298495146,0.9037851706869892,-0.09598955754602337,0.9077165429002695,-0.051207033652908504,0.9175449734334704,0.060749276079878706
hgb_quantile,fixed,all,124321.0,0.021484049966604253,43351.0,-42997.0,-767101.0,-37973.0,1.0797669401728653,1.121940703472908,1.1408555736298032,1.2153276495158964,1.2935771572721484,1.448795014623368,1.0619679251540524,1.0947311300855458,1.1230565586109904,1.1881180761285344,1.2757781422533356,1.4215854412360056,1.0441689101352392,1.0675215566981835,1.1052575435921774,1.160908502741172,1.2579791272345227,1.3943758678486435
hgb_quantile,fixed,smooth,12641.0,0.0034011463970072277,4402.0,-7827.0,-115681.0,-412.0,0.9921791423512015,0.9794633440925508,0.9986976139911036,0.9965800869259532,1.0149937930908584,1.0393719440094598,0.9657812946882245,0.9101456888562206,0.9722997663281264,0.9272624316896231,0.9885959454278812,0.9700542887731296,0.9393834470252476,0.8408280336198907,0.9459019186651494,0.8579447764532933,0.9621980977649042,0.9007366335367997
hgb_quantile,fixed,erratic,26174.0,0.0219885461970333,-31.0,-14789.0,-196837.0,-11416.0,1.1163852413728246,1.2675684943076249,1.203616845254539,1.4681130705043748,1.4216958549588259,1.96947451099625,1.0946919946982032,1.2176959393263742,1.181923598579918,1.4182405155231241,1.4000026082842043,1.9196019560149995,1.0729987480235819,1.1678233843451236,1.1602303519052966,1.3683679605418735,1.378309361609583,1.8697294010337486
hgb_quantile,fixed,intermittent,28484.0,0.06180444504234355,19852.0,-4723.0,-132188.0,-3909.0,1.0322459032331242,1.038655456743921,1.0596928910157388,1.0715581123560585,1.128310360472276,1.1538147513864023,1.0188590355719271,1.0226076667324933,1.0463060233545418,1.0555103223446307,1.114923492811079,1.1377669613749746,1.00547216791073,1.0065598767210653,1.0329191556933448,1.0394625323332027,1.1015366251498817,1.1217191713635466
hgb_quantile,fixed,lumpy,57022.0,0.13616966402949682,19128.0,-15658.0,-322395.0,-22236.0,1.106113598530122,1.1462820233871147,1.1841045493911933,1.2537958034857513,1.3790819265438712,1.5225802537323425,1.0898043568878948,1.1237990532458548,1.1677953077489658,1.2313128333444914,1.3627726849016437,1.5000972835910826,1.0734951152456675,1.1013160831045947,1.151486066106739,1.2088298632032313,1.346463443259417,1.4776143134498225
hgb_quantile,dead13,all,24284.0,0.004196544987484155,1027.0,-24991.0,-353971.0,-3835.0,1.248673469710984,,1.2802580521520974,,1.3592195082548812,,1.206626434942919,,1.2382110173840324,,1.3171724734868162,,1.164579400174854,,1.1961639826159673,,1.2751254387187512,
hgb_quantile,dead13,smooth,5529.0,0.0014876147796102335,-317.0,-6120.0,-103704.0,-569.0,1.1472724237238616,,1.1678548075183994,,1.2193107670047443,,1.0931674944697192,,1.113749878264257,,1.1652058377506018,,1.0390625652155767,,1.0596449490101145,,1.1111009084964591,
hgb_quantile,dead13,erratic,2909.0,0.0024438252039111286,278.0,-2370.0,-31021.0,-420.0,1.077464500092551,1.4180783502212073,1.1063404024645,1.5739225060653632,1.1785301583943728,1.9635328956757527,1.046703532802708,1.2520604395604396,1.075579435174657,1.4079045954045954,1.1477691911045298,1.797514985014985,1.0159425655128647,1.0860425288996718,1.0448184678848138,1.2418866847438275,1.1170082238146866,1.6314970743542172
hgb_quantile,dead13,intermittent,6191.0,0.01343320177142076,667.0,-6383.0,-113815.0,-1844.0,1.4906032951057988,,1.55017363915361,,1.6990994992731385,,1.4375726861573253,,1.4971430302051365,,1.6460688903246647,,1.3845420772088517,,1.444112421256663,,1.5930382813761912,
hgb_quantile,dead13,lumpy,9655.0,0.023056330998645992,399.0,-10118.0,-105431.0,-1002.0,1.2031950364498267,,1.2239511213799148,,1.2758413337051349,,1.171695514480341,,1.192451599410429,,1.244341811735649,,1.1401959925108553,,1.1609520774409434,,1.2128422897661635,
hgb_quantile,dead26,all,8378.0,0.0014478114769042273,120.0,-9843.0,-160597.0,-1031.0,1.312301219310649,,1.336913298565841,,1.3984434967038213,,1.2570063306829242,,1.2816184099381165,,1.3431486080760968,,1.2017114420551995,,1.2263235213103916,,1.2878537194483721,
hgb_quantile,dead26,smooth,3751.0,0.001009231875260985,116.0,-3619.0,-44879.0,-27.0,0.9820832393413038,0.4908653846153847,0.9835228554436766,0.5317744755244755,0.9871218956996083,0.6340472027972028,0.947570135143449,-0.4898819930069932,0.9490097512458217,-0.44897290209790225,0.9526087915017535,-0.34670017482517496,0.913057030945594,-1.4706293706293707,0.9144966470479667,-1.4297202797202797,0.9180956873038985,-1.3274475524475524
hgb_quantile,dead26,erratic,744.0,0.0006250278280198967,0.0,-743.0,-6398.0,-1.0,0.9838657981803144,-11.003846153846153,0.9841346153846153,-10.803846153846154,0.9848066583953681,-10.303846153846154,0.9590596567411084,-29.459615384615386,0.9593284739454094,-29.259615384615387,0.9600005169561622,-28.759615384615387,0.9342535153019024,-47.91538461538462,0.9345223325062034,-47.715384615384615,0.9351943755169561,-47.215384615384615
hgb_quantile,dead26,intermittent,2392.0,0.005190149997938695,79.0,-3126.0,-62080.0,-686.0,1.6627990738358633,,1.7201569333676359,,1.8635515821970672,,1.5879341394391562,,1.6452919989709287,,1.78868664780036,,1.513069205042449,,1.5704270645742218,,1.713821713403653,
hgb_quantile,dead26,lumpy,1491.0,0.0035605374954926126,-75.0,-2355.0,-47240.0,-317.0,1.7446370530877573,,1.7871588505391323,,1.8934633441675695,,1.6532425321157718,,1.6957643295671463,,1.8020688231955837,,1.5618480111437858,,1.6043698085951608,,1.7106743022235982,
lgb_quantile,quantile,all,87695.0,0.015154670263441895,9904.0,-76736.0,-1073063.0,-1055.0,0.9800777388413513,0.8405800992510546,0.9824838053217664,0.8598336807822162,0.9884989715228041,0.9079676346101202,0.9447806975224444,0.558129689682523,0.9471867640028595,0.5773832712136845,0.9532019302038972,0.6255172250415886,0.9094836562035375,0.27567928011399123,0.9118897226839526,0.29493286164515287,0.9179048888849903,0.34306681547305684
lgb_quantile,quantile,smooth,12129.0,0.003263389340186747,692.0,-11430.0,-155323.0,-7.0,0.9755463701110497,0.5756822933861561,0.9756617959499483,0.5776851546164851,0.9759503605471945,0.5826923076923076,0.9386062171401028,-0.06530070430285033,0.9387216429790014,-0.06329784307252129,0.9390102075762478,-0.05829068999669868,0.9016660641691558,-0.7062837019918565,0.9017814900080545,-0.7042808407615275,0.9020700546053008,-0.699273687685705
lgb_quantile,quantile,erratic,33091.0,0.027799456797051616,6813.0,-26007.0,-401260.0,-271.0,0.9791377158093184,0.9025474525474526,0.9807756233974844,0.910198497155019,0.9848703923678993,0.9293261086739348,0.9441589974499225,0.7391537810016071,0.9457969050380884,0.7468048256091735,0.9498916740085033,0.7659324371280893,0.9091802790905266,0.5757601094557616,0.9108181866786926,0.583411154063328,0.9149129556491076,0.6025387655822438
lgb_quantile,quantile,intermittent,3221.0,0.00698891017699019,790.0,-2309.0,-27123.0,-122.0,0.9951693215198337,0.9829390182186235,1.002744608697729,1.009693404183536,1.0216828266424665,1.0765793690958165,0.9708789076493205,0.8971501771255062,0.9784541948272156,0.9239045630904184,0.9973924127719532,0.9907905280026991,0.9465884937788074,0.8113613360323887,0.9541637809567025,0.8381157219973009,0.9731019989014401,0.9050016869095816
lgb_quantile,quantile,lumpy,39254.0,0.0937393285365976,1609.0,-36990.0,-489357.0,-655.0,0.9810319673448271,0.671125815438978,0.9843692068618191,0.7289880062516988,0.9927123056542988,0.8736434832835009,0.9450711294488362,0.04762460926882299,0.9484083689658281,0.10548680008154383,0.9567514677583079,0.25014227711334597,0.9091102915528451,-0.5758765969013321,0.912447531069837,-0.5180144060886113,0.9207906298623167,-0.3733589290568091
lgb_quantile,fixed,all,118684.0,0.020509913741334602,47425.0,-35579.0,-679352.0,-35680.0,1.0791813036816575,1.1130804866873694,1.1393073526857356,1.1989477630245333,1.2896224751959307,1.4136159538674429,1.0626696489449683,1.0894998449598055,1.1227956979490463,1.1753671212969692,1.2731108204592416,1.3900353121398787,1.046157994208279,1.0659192032322409,1.106284043212357,1.1517864795694048,1.2565991657225521,1.3664546704123144
lgb_quantile,fixed,smooth,13562.0,0.0036489476652331325,5302.0,-7926.0,-121950.0,-334.0,0.9900959127879937,0.9761676311623082,0.9950214399963699,0.9880200087350549,1.007335258017311,1.0176509526669215,0.9641573457511372,0.9137512283670907,0.9690828729595135,0.9256036059398373,0.9813966909804543,0.9552345498717039,0.9382187787142808,0.8513348255718731,0.9431443059226573,0.8631872031446198,0.9554581239435982,0.8928181470764863
lgb_quantile,fixed,erratic,19590.0,0.016457385955523894,2930.0,-8655.0,-120181.0,-8005.0,1.11079033651392,1.1984803559494916,1.1925157066006988,1.344890964088495,1.3968291318176465,1.7109174844360029,1.0930937585895473,1.166777021560972,1.1748191286763263,1.3131876296999754,1.3791325538932737,1.6792141500474833,1.0753971806651745,1.1350736871724525,1.1571225507519536,1.2814842953114558,1.361435975968901,1.6475108156589637
lgb_quantile,fixed,intermittent,27799.0,0.06031813536484021,19295.0,-4366.0,-123567.0,-4138.0,1.0361081748928436,1.0428357937031603,1.0658790299595724,1.0781535080376459,1.140306167626395,1.1664477938738598,1.0232860133319681,1.027624627005308,1.0530568683986972,1.0629423413397936,1.1274840060655198,1.1512366271760075,1.010463851771093,1.012413460307456,1.0402347068378222,1.0477311746419415,1.1146618445046446,1.1360254604781554
lgb_quantile,fixed,lumpy,57733.0,0.13786754609475185,19898.0,-14632.0,-313654.0,-23203.0,1.110122793389729,1.1475074645778343,1.1905031651008824,1.255175500122253,1.391454094378765,1.5243455889833006,1.0944511471242284,1.1265155814696428,1.1748315188353815,1.2341836170140619,1.3757824481132641,1.5033537058751092,1.0787795008587278,1.1055236983614516,1.1591598725698806,1.2131917339058704,1.3601108018477632,1.4823618227669177
lgb_quantile,dead13,all,25275.0,0.004367800797177649,3085.0,-24832.0,-358900.0,-3831.0,1.274267366659058,16.64809862823407,1.3045819067184052,18.377669734328876,1.380368256866773,22.701597499565896,1.2333063988434907,14.311104358395555,1.263620938902838,16.040675464490363,1.339407289051206,20.364603229727383,1.1923454310279236,11.97411008855704,1.2226599710872708,13.70368119465185,1.2984463212356385,18.02760895988887
lgb_quantile,dead13,smooth,6692.0,0.0018005277817239435,844.0,-6539.0,-117025.0,-611.0,1.1883221642374362,9.23694067370538,1.20658277392064,10.035633484162895,1.2522342981286496,12.032365510306686,1.1378780346222814,7.030586978381097,1.1561386443054853,7.829279788838612,1.2017901685134948,9.826011814982403,1.0874339050071269,4.824233283056812,1.1056945146903305,5.622926093514328,1.15134603889834,7.61965811965812
lgb_quantile,dead13,erratic,2986.0,0.002508512223746521,542.0,-2203.0,-29202.0,-458.0,1.0998802102117575,1.3808969446900483,1.130556700499768,1.4978828961587582,1.207247926219795,1.7903477748305334,1.0716697150806327,1.2733151586599862,1.1023462053686435,1.3903011101286964,1.1790374310886702,1.6827659888004716,1.0434592199495079,1.1657333726299244,1.0741357102375186,1.2827193240986343,1.1508269359575456,1.5751842027704097
lgb_quantile,dead13,intermittent,6158.0,0.013361598531482643,910.0,-6163.0,-108679.0,-1774.0,1.4891526344717316,,1.5467687435980713,,1.6908090164139207,,1.4382437167411997,,1.4958598258675395,,1.639900098683389,,1.387334799010668,,1.4449509081370076,,1.5889911809528567,
lgb_quantile,dead13,lumpy,9439.0,0.022540518725657124,789.0,-9927.0,-103994.0,-988.0,1.2501760290773958,,1.2711104500965715,,1.3234465026445108,,1.2183948348504974,,1.2393292558696734,,1.2916653084176126,,1.1866136406235994,,1.207548061642775,,1.2598841141907144,
lgb_quantile,dead26,all,8199.0,0.0014168782882713964,214.0,-9812.0,-158074.0,-1010.0,1.3458972482572922,,1.3705343991293497,,1.4321272763094937,,1.2902828206066406,,1.314919971478698,,1.376512848658842,,1.234668392955989,,1.2593055438280465,,1.3208984210081904,
lgb_quantile,dead26,smooth,4056.0,0.0010912941844997482,114.0,-3926.0,-46780.0,-26.0,0.9822086936731907,0.4449112426035503,0.983490744955242,0.48491124260355023,0.9866958731603702,0.5849112426035502,0.9489388939462904,-0.5931065088757396,0.9502209452283417,-0.5531065088757396,0.9534260734334699,-0.4531065088757397,0.91566909421939,-1.6311242603550298,0.9169511455014414,-1.5911242603550297,0.9201562737065696,-1.4911242603550297
lgb_quantile,dead26,erratic,643.0,0.0005401786201838624,3.0,-639.0,-5245.0,-1.0,0.9847798779758343,-1.4466346153846155,0.9850909199665032,-1.3966346153846154,0.985868524943175,-1.2716346153846154,0.9612498504605814,-5.229086538461539,0.9615608924512501,-5.179086538461539,0.962338497427922,-5.054086538461539,0.9377198229453284,-9.011538461538462,0.9380308649359972,-8.961538461538462,0.9388084699126691,-8.836538461538462
lgb_quantile,dead26,intermittent,2200.0,0.00477354932920783,108.0,-2931.0,-57765.0,-661.0,1.7214606643356645,,1.7815515734265734,,1.9317788461538459,,1.6457198426573427,,1.7058107517482517,,1.8560380244755244,,1.569979020979021,,1.6300699300699302,,1.7802972027972028,
lgb_quantile,dead26,lumpy,1300.0,0.0031044257170626402,-11.0,-2316.0,-48284.0,-322.0,2.0236508875739645,,2.0731893491124262,,2.19703550295858,,1.9165118343195267,,1.9660502958579882,,2.089896449704142,,1.8093727810650888,,1.8589112426035503,,1.9827573964497043,
chronos2,quantile,all,99710.0,0.017230995746254536,8140.0,-86826.0,-628673.0,-4744.0,1.0021483648735177,1.016626316480787,1.0116639600996737,1.0902680426527833,1.0354529481650632,1.274372358082774,0.9839608229249439,0.8758719073149762,0.9934764181510998,0.9495136334869726,1.0172654062164894,1.1336179489169633,0.9657732809763699,0.7351174981491654,0.9752888762025257,0.8087592243211615,0.9990778642679153,0.9928635397511523
chronos2,quantile,smooth,43152.0,0.011610336945151166,-138.0,-42957.0,-251028.0,-333.0,0.9911279626935912,-0.9633136094674557,0.9926713442286302,-0.6217751479289944,0.9965297980662275,0.23207100591715948,0.9743472982801404,-4.6767455621301774,0.9758906798151793,-4.335207100591717,0.9797491336527766,-3.481360946745563,0.9575666338666895,-8.3901775147929,0.9591100154017285,-8.048639053254439,0.9629684692393258,-7.194792899408285
chronos2,quantile,erratic,10033.0,0.008428634675434978,1249.0,-8663.0,-57544.0,-121.0,0.9925883047481772,0.9457215047725996,0.9950003450152958,0.963385738349242,1.001030445683092,1.0075463222908478,0.9760436712694263,0.8245592363840538,0.9784557115365449,0.8422234699606962,0.9844858122043411,0.886384053902302,0.9594990377906754,0.7033969679955082,0.961911078057794,0.7210612015721505,0.9679411787255902,0.7652217855137562
chronos2,quantile,intermittent,19557.0,0.04243468374150797,3305.0,-13633.0,-142772.0,-2619.0,1.0261358317501896,1.086282657248221,1.052919080714755,1.1747026437438322,1.1198772031261677,1.3957526099828599,1.0050772692052028,1.0167616735054277,1.0318605181697682,1.105181660001039,1.098818640581181,1.3262316262400666,0.9840187066602162,0.9472406897626345,1.0108019556247811,1.0356606762582454,1.077760078036194,1.2567106424972732
chronos2,quantile,lumpy,26968.0,0.0644001174905733,3724.0,-21573.0,-177329.0,-1671.0,1.005943440088538,1.0297094888429457,1.0183359052324121,1.0916557353675056,1.0493170680920978,1.246521351678905,0.9869755536476279,0.9348946674271048,0.9993680187915022,0.9968409139516646,1.0303491816511878,1.151706530263064,0.9680076672067179,0.8400798460112641,0.9804001323505922,0.9020260925358238,1.0113812952102776,1.0568917088472232
chronos2,fixed,all,472592.0,0.08166914794618317,141515.0,-262481.0,-5293793.0,-68596.0,1.0220029726405733,1.0494901687496316,1.0510326642138543,1.114785179482054,1.1236068931470569,1.27802270631311,0.9896906255615512,0.9768116477261286,1.0187203171348322,1.042106658458551,1.0912945460680346,1.205344185289607,0.9573782784825291,0.9041331267026257,0.98640797005581,0.9694281374350482,1.0589821989890125,1.1326656642661042
chronos2,fixed,smooth,84345.0,0.022693591713913032,10786.0,-67349.0,-1022641.0,-6210.0,0.9987715062221554,0.9939034297662799,1.013496741861494,1.0669794476528414,1.05030983095984,1.2496694923692453,0.963796985366877,0.8203375341709361,0.9785222210062153,0.8934135520574977,1.0153353101045615,1.0761035967739014,0.9288224645115984,0.6467716385755924,0.9435477001509368,0.719847656462154,0.9803607892492829,0.9025377011785578
chronos2,fixed,erratic,47099.0,0.039567453860092895,5541.0,-37168.0,-538831.0,-4390.0,1.0059616242056422,1.0282737426705808,1.0246032089526642,1.116683771872071,1.07120717082022,1.3377088448757968,0.9729604948333053,0.8717617909730989,0.9916020795803275,0.9601718201745892,1.038206041447883,1.181196893178315,0.9399593654609685,0.7152498392756171,0.9586009502079906,0.8036598684771074,1.0052049120755462,1.024684941480833
chronos2,fixed,intermittent,213950.0,0.4642276722654614,86839.0,-94570.0,-2388340.0,-32541.0,1.0241614323979364,1.0433015451628285,1.0545806892336456,1.0978182146216993,1.1306288313229187,1.2341098882688764,0.9919602531144949,0.9855913566246118,1.022379509950204,1.0401080260834825,1.0984276520394773,1.1763996997306596,0.9597590738310533,0.9278811680863951,0.9901783306667625,0.9823978375452659,1.0662264727560358,1.118689511192443
chronos2,fixed,lumpy,127198.0,0.30375134027610284,38349.0,-63394.0,-1343981.0,-25455.0,1.0397169857532833,1.0791787529597854,1.079741199970488,1.1589699886189917,1.1798017355134998,1.3584480777670076,1.0092379823944981,1.0184166021662495,1.0492621966117028,1.0982078378254556,1.1493227321547146,1.2976859269734715,0.978758979035713,0.9576544513727135,1.0187831932529177,1.0374456870319197,1.1188437287959292,1.2369237761799357
chronos2,dead13,all,31668.0,0.005472582221365847,2538.0,-32801.0,-417908.0,-4075.0,1.2578259053060115,,1.2835616638003906,,1.3479010600363386,,1.2197589656144032,,1.2454947241087824,,1.3098341203447303,,1.1816920259227952,,1.2074277844171744,,1.2717671806531223,
chronos2,dead13,smooth,6338.0,0.0017052816916566578,677.0,-6341.0,-98083.0,-568.0,1.194032635871544,,1.2119562710877005,,1.2567653591280918,,1.1493920977255625,,1.167315732941719,,1.2121248209821103,,1.1047515595795812,,1.1226751947957374,,1.1674842828361287,
chronos2,dead13,erratic,2801.0,0.0023530953579082403,497.0,-2113.0,-31569.0,-445.0,1.1166691840826077,1.4749860241502684,1.1484435503803587,1.604346489266547,1.2278794661247356,1.927747652057245,1.084157787054074,1.3426249440966012,1.115932153351825,1.4719854092128801,1.1953680690962019,1.7953865720035778,1.0516463900255404,1.2102638640429337,1.0834207563232912,1.3396243291592127,1.162856672067668,1.6630254919499103
chronos2,dead13,intermittent,8945.0,0.019408817613529108,835.0,-9457.0,-141794.0,-1892.0,1.3950720213269123,,1.4373749838758223,,1.5431323902480973,,1.3493457883647935,,1.3916487509137034,,1.4974061572859785,,1.3036195554026744,,1.3459225179515844,,1.4516799243238594,
chronos2,dead13,lumpy,13584.0,0.032438860723522235,529.0,-14890.0,-146462.0,-1170.0,1.226320841261212,,1.2435469896711062,,1.286612360695841,,1.1952190642837728,,1.2124452126936667,,1.2555105837184017,,1.1641172873063332,,1.1813434357162274,,1.2244088067409622,
chronos2,dead26,all,7985.0,0.001379896710799744,-611.0,-11228.0,-190486.0,-1258.0,1.4885511295216993,,1.5200602090458069,,1.5988329078560763,,1.4197372477240982,,1.4512463272482057,,1.530019026058475,,1.3509233659264968,,1.3824324454506045,,1.4612051442608738,
chronos2,dead26,smooth,3186.0,0.0008572148106055714,50.0,-3116.0,-37424.0,-27.0,0.9821502728282389,0.1875824175824175,0.9838451880824762,0.26472527472527463,0.9880824762180694,0.45758241758241747,0.9482664541986576,-1.3546153846153848,0.9499613694528948,-1.2774725274725276,0.954198657588488,-1.0846153846153848,0.9143826355690762,-2.8968131868131874,0.9160775508233135,-2.81967032967033,0.9203148389589068,-2.6268131868131874
chronos2,dead26,erratic,771.0,0.0006477102895206188,1.0,-769.0,-6233.0,-1.0,0.9848423625660979,-4.843269230769231,0.9851017659383419,-4.743269230769231,0.9857502743689515,-4.493269230769231,0.9615222488276963,-13.833173076923078,0.96178165219994,-13.733173076923078,0.9624301606305496,-13.483173076923078,0.9382021350892946,-22.823076923076925,0.9384615384615385,-22.723076923076924,0.939110046892148,-22.473076923076924
chronos2,dead26,intermittent,2466.0,0.0053507148390120485,-145.0,-3717.0,-74501.0,-763.0,1.79263132447439,,1.8545129140932062,,2.009216888140246,,1.7054834206750262,,1.7673650102938423,,1.922068984340882,,1.6183355168756628,,1.6802171064944789,,1.8349210805415186,
chronos2,dead26,lumpy,1562.0,0.00373008690003988,-517.0,-3626.0,-72328.0,-467.0,2.290017728750123,,2.349812863193145,,2.4993006993006994,,2.156446370530878,,2.2162415049738993,,2.3657293410814537,,2.022875012311632,,2.0826701467546536,,2.232157982862208,
